rx_utc,epoch,node,boot,seq,phase,running,iteration,best_steps,local_steps,x_cells,y_cells,progress,shared_tx,shared_rx,elapsed_ms,source,alternatives,archive_size,candidates,route_steps
2026-10-06T02:34:38Z,idle,1,boot-1,1,IDLE,False,0,,,1,1,0.0,0,0,0,PRUEBA_LOCAL,0,0,0,
2026-10-06T02:34:38Z,idle,2,boot-2,1,IDLE,False,0,,,1,1,0.0,0,0,0,PRUEBA_LOCAL,0,0,0,
2026-10-06T02:34:38Z,idle,3,boot-3,1,IDLE,False,0,,,1,1,0.0,0,0,0,PRUEBA_LOCAL,0,0,0,
2026-10-06T02:34:38Z,03c3606fc353,1,boot-1,3,SEARCHING,True,2,44,44,1,1,0.0,0,0,14,PRUEBA_LOCAL,2,12,16,
2026-10-06T02:34:38Z,03c3606fc353,2,boot-2,3,SEARCHING,True,2,40,40,1,1,0.0,0,0,14,PRUEBA_LOCAL,2,12,16,
2026-10-06T02:34:38Z,03c3606fc353,3,boot-3,3,SEARCHING,True,2,40,40,1,1,0.0,0,0,14,PRUEBA_LOCAL,1,12,16,
2026-10-06T02:34:38Z,03c3606fc353,1,boot-1,5,SEARCHING,True,5,40,40,1,1,0.0,1,2,41,PRUEBA_LOCAL,4,12,40,
2026-10-06T02:34:38Z,03c3606fc353,2,boot-2,5,SEARCHING,True,5,40,40,1,1,0.0,1,2,41,PRUEBA_LOCAL,3,12,40,
2026-10-06T02:34:38Z,03c3606fc353,3,boot-3,5,SEARCHING,True,5,40,40,1,1,0.0,1,2,41,PRUEBA_LOCAL,3,12,40,
2026-10-06T02:34:38Z,03c3606fc353,1,boot-1,7,SEARCHING,True,8,40,40,1,1,0.0,2,2,64,PRUEBA_LOCAL,6,12,64,
2026-10-06T02:34:38Z,03c3606fc353,2,boot-2,7,SEARCHING,True,8,40,40,1,1,0.0,2,3,64,PRUEBA_LOCAL,4,12,64,
2026-10-06T02:34:38Z,03c3606fc353,3,boot-3,7,SEARCHING,True,8,40,40,1,1,0.0,2,3,64,PRUEBA_LOCAL,4,12,64,
2026-10-06T02:34:38Z,03c3606fc353,1,boot-1,8,SEARCHING,True,11,40,40,1,1,0.0,2,4,87,PRUEBA_LOCAL,6,12,88,
2026-10-06T02:34:38Z,03c3606fc353,2,boot-2,8,SEARCHING,True,11,40,40,1,1,0.0,2,4,87,PRUEBA_LOCAL,6,12,88,
2026-10-06T02:34:38Z,03c3606fc353,3,boot-3,8,SEARCHING,True,11,40,40,1,1,0.0,2,4,87,PRUEBA_LOCAL,6,12,88,
2026-10-06T02:34:38Z,03c3606fc353,1,boot-1,10,SEARCHING,True,14,40,40,1,1,0.0,3,6,109,PRUEBA_LOCAL,8,12,112,
2026-10-06T02:34:38Z,03c3606fc353,2,boot-2,11,SEARCHING,True,14,40,40,1,1,0.0,3,6,109,PRUEBA_LOCAL,6,12,112,
2026-10-06T02:34:38Z,03c3606fc353,3,boot-3,11,SEARCHING,True,14,40,40,1,1,0.0,3,6,109,PRUEBA_LOCAL,6,12,112,
2026-10-06T02:34:38Z,03c3606fc353,1,boot-1,12,SEARCHING,True,17,40,40,1,1,0.0,4,8,129,PRUEBA_LOCAL,10,12,136,
2026-10-06T02:34:38Z,03c3606fc353,2,boot-2,13,SEARCHING,True,17,40,40,1,1,0.0,4,8,129,PRUEBA_LOCAL,7,12,136,
2026-10-06T02:34:38Z,03c3606fc353,3,boot-3,13,SEARCHING,True,17,40,40,1,1,0.0,4,8,129,PRUEBA_LOCAL,6,12,136,
2026-10-06T02:34:38Z,03c3606fc353,1,boot-1,14,SEARCHING,True,21,40,40,1,1,0.0,5,10,154,PRUEBA_LOCAL,10,12,168,
2026-10-06T02:34:38Z,03c3606fc353,2,boot-2,15,SEARCHING,True,21,40,40,1,1,0.0,5,10,154,PRUEBA_LOCAL,8,12,168,
2026-10-06T02:34:38Z,03c3606fc353,3,boot-3,15,SEARCHING,True,21,40,40,1,1,0.0,5,10,154,PRUEBA_LOCAL,9,12,168,
2026-10-06T02:34:38Z,03c3606fc353,1,boot-1,16,SEARCHING,True,24,40,40,1,1,0.0,6,10,174,PRUEBA_LOCAL,11,12,192,
2026-10-06T02:34:38Z,03c3606fc353,2,boot-2,17,SEARCHING,True,24,40,40,1,1,0.0,6,11,174,PRUEBA_LOCAL,10,12,192,
2026-10-06T02:34:38Z,03c3606fc353,3,boot-3,17,SEARCHING,True,24,40,40,1,1,0.0,6,11,174,PRUEBA_LOCAL,9,12,192,
2026-10-06T02:34:38Z,03c3606fc353,1,boot-1,17,SEARCHING,True,27,40,40,1,1,0.0,6,12,197,PRUEBA_LOCAL,11,12,216,
2026-10-06T02:34:38Z,03c3606fc353,2,boot-2,18,SEARCHING,True,27,40,40,1,1,0.0,6,12,197,PRUEBA_LOCAL,12,12,216,
2026-10-06T02:34:38Z,03c3606fc353,3,boot-3,18,SEARCHING,True,27,40,40,1,1,0.0,6,12,197,PRUEBA_LOCAL,10,12,216,
2026-10-06T02:34:38Z,03c3606fc353,1,boot-1,19,SEARCHING,True,30,40,40,1,1,0.0,7,14,217,PRUEBA_LOCAL,12,12,240,
2026-10-06T02:34:38Z,03c3606fc353,2,boot-2,21,SEARCHING,True,30,40,40,1,1,0.0,7,14,217,PRUEBA_LOCAL,12,12,240,
2026-10-06T02:34:38Z,03c3606fc353,3,boot-3,21,SEARCHING,True,30,40,40,1,1,0.0,7,14,217,PRUEBA_LOCAL,11,12,240,
2026-10-06T02:34:38Z,03c3606fc353,1,boot-1,21,SEARCHING,True,33,40,40,1,1,0.0,8,16,237,PRUEBA_LOCAL,12,12,264,
2026-10-06T02:34:38Z,03c3606fc353,2,boot-2,23,SEARCHING,True,33,40,40,1,1,0.0,8,16,237,PRUEBA_LOCAL,12,12,264,
2026-10-06T02:34:38Z,03c3606fc353,3,boot-3,23,SEARCHING,True,33,40,40,1,1,0.0,8,16,237,PRUEBA_LOCAL,12,12,264,
2026-10-06T02:34:38Z,03c3606fc353,1,boot-1,23,SEARCHING,True,36,40,40,1,1,0.0,9,16,257,PRUEBA_LOCAL,12,12,288,
2026-10-06T02:34:38Z,03c3606fc353,2,boot-2,25,SEARCHING,True,36,40,40,1,1,0.0,9,17,257,PRUEBA_LOCAL,12,12,288,
2026-10-06T02:34:38Z,03c3606fc353,3,boot-3,25,SEARCHING,True,36,40,40,1,1,0.0,9,17,257,PRUEBA_LOCAL,12,12,288,
2026-10-06T02:34:38Z,03c3606fc353,1,boot-1,24,SEARCHING,True,39,40,40,1,1,0.0,9,18,277,PRUEBA_LOCAL,12,12,312,
2026-10-06T02:34:38Z,03c3606fc353,2,boot-2,26,SEARCHING,True,39,40,40,1,1,0.0,9,18,277,PRUEBA_LOCAL,12,12,312,
2026-10-06T02:34:38Z,03c3606fc353,3,boot-3,26,SEARCHING,True,39,40,40,1,1,0.0,9,18,277,PRUEBA_LOCAL,12,12,312,
2026-10-06T02:34:38Z,03c3606fc353,1,boot-1,26,SEARCHING,True,42,40,40,1,1,0.0,10,20,299,PRUEBA_LOCAL,12,12,336,
2026-10-06T02:34:38Z,03c3606fc353,2,boot-2,28,SEARCHING,True,42,40,40,1,1,0.0,10,20,299,PRUEBA_LOCAL,12,12,336,
2026-10-06T02:34:38Z,03c3606fc353,3,boot-3,28,SEARCHING,True,42,40,40,1,1,0.0,10,20,299,PRUEBA_LOCAL,12,12,336,
2026-10-06T02:34:38Z,03c3606fc353,1,boot-1,28,SEARCHING,True,45,40,40,1,1,0.0,11,22,319,PRUEBA_LOCAL,12,12,360,
2026-10-06T02:34:38Z,03c3606fc353,2,boot-2,31,SEARCHING,True,45,40,40,1,1,0.0,11,22,319,PRUEBA_LOCAL,12,12,360,
2026-10-06T02:34:38Z,03c3606fc353,3,boot-3,31,SEARCHING,True,45,40,40,1,1,0.0,11,22,319,PRUEBA_LOCAL,12,12,360,
2026-10-06T02:34:38Z,03c3606fc353,1,boot-1,30,SEARCHING,True,49,40,40,1,1,0.0,12,24,343,PRUEBA_LOCAL,12,12,392,
2026-10-06T02:34:38Z,03c3606fc353,2,boot-2,33,SEARCHING,True,49,40,40,1,1,0.0,12,24,343,PRUEBA_LOCAL,12,12,392,
2026-10-06T02:34:38Z,03c3606fc353,3,boot-3,33,SEARCHING,True,49,40,40,1,1,0.0,12,24,343,PRUEBA_LOCAL,12,12,392,
2026-10-06T02:34:38Z,03c3606fc353,1,boot-1,32,SEARCHING,True,53,40,40,1,1,0.0,13,26,369,PRUEBA_LOCAL,12,12,424,
2026-10-06T02:34:38Z,03c3606fc353,2,boot-2,35,SEARCHING,True,53,40,40,1,1,0.0,13,26,369,PRUEBA_LOCAL,12,12,424,
2026-10-06T02:34:38Z,03c3606fc353,3,boot-3,35,SEARCHING,True,53,40,40,1,1,0.0,13,26,369,PRUEBA_LOCAL,12,12,424,
2026-10-06T02:34:38Z,03c3606fc353,1,boot-1,34,SEARCHING,True,56,40,40,1,1,0.0,14,26,392,PRUEBA_LOCAL,12,12,448,
2026-10-06T02:34:38Z,03c3606fc353,2,boot-2,37,SEARCHING,True,56,40,40,1,1,0.0,14,27,392,PRUEBA_LOCAL,12,12,448,
2026-10-06T02:34:38Z,03c3606fc353,3,boot-3,37,SEARCHING,True,56,40,40,1,1,0.0,14,27,392,PRUEBA_LOCAL,12,12,448,
2026-10-06T02:34:38Z,03c3606fc353,1,boot-1,35,SEARCHING,True,59,40,40,1,1,0.0,14,28,415,PRUEBA_LOCAL,12,12,472,
2026-10-06T02:34:38Z,03c3606fc353,2,boot-2,39,SEARCHING,True,59,40,40,1,1,0.0,14,28,415,PRUEBA_LOCAL,12,12,472,
2026-10-06T02:34:38Z,03c3606fc353,3,boot-3,39,SEARCHING,True,59,40,40,1,1,0.0,14,28,415,PRUEBA_LOCAL,12,12,472,
2026-10-06T02:34:38Z,03c3606fc353,1,boot-1,37,SEARCHING,True,62,40,40,1,1,0.0,15,30,438,PRUEBA_LOCAL,12,12,496,
2026-10-06T02:34:38Z,03c3606fc353,2,boot-2,41,SEARCHING,True,62,40,40,1,1,0.0,15,30,438,PRUEBA_LOCAL,12,12,496,
2026-10-06T02:34:38Z,03c3606fc353,3,boot-3,41,SEARCHING,True,62,40,40,1,1,0.0,15,30,438,PRUEBA_LOCAL,12,12,496,
2026-10-06T02:34:38Z,03c3606fc353,1,boot-1,39,SEARCHING,True,65,40,40,1,1,0.0,16,32,459,PRUEBA_LOCAL,12,12,520,
2026-10-06T02:34:38Z,03c3606fc353,2,boot-2,43,SEARCHING,True,65,40,40,1,1,0.0,16,32,459,PRUEBA_LOCAL,12,12,520,
2026-10-06T02:34:38Z,03c3606fc353,3,boot-3,43,SEARCHING,True,65,40,40,1,1,0.0,16,32,459,PRUEBA_LOCAL,12,12,520,
2026-10-06T02:34:39Z,03c3606fc353,1,boot-1,41,SEARCHING,True,68,40,40,1,1,0.0,17,32,480,PRUEBA_LOCAL,12,12,544,
2026-10-06T02:34:39Z,03c3606fc353,2,boot-2,45,SEARCHING,True,68,40,40,1,1,0.0,17,33,480,PRUEBA_LOCAL,12,12,544,
2026-10-06T02:34:39Z,03c3606fc353,3,boot-3,45,SEARCHING,True,68,40,40,1,1,0.0,17,33,480,PRUEBA_LOCAL,12,12,544,
2026-10-06T02:34:39Z,03c3606fc353,1,boot-1,42,SEARCHING,True,71,40,40,1,1,0.0,17,34,500,PRUEBA_LOCAL,12,12,568,
2026-10-06T02:34:39Z,03c3606fc353,2,boot-2,46,SEARCHING,True,71,40,40,1,1,0.0,17,34,500,PRUEBA_LOCAL,12,12,568,
2026-10-06T02:34:39Z,03c3606fc353,3,boot-3,46,SEARCHING,True,71,40,40,1,1,0.0,17,34,500,PRUEBA_LOCAL,12,12,568,
2026-10-06T02:34:39Z,03c3606fc353,1,boot-1,44,SEARCHING,True,74,40,40,1,1,0.0,18,36,520,PRUEBA_LOCAL,12,12,592,
2026-10-06T02:34:39Z,03c3606fc353,2,boot-2,49,SEARCHING,True,74,40,40,1,1,0.0,18,36,520,PRUEBA_LOCAL,12,12,592,
2026-10-06T02:34:39Z,03c3606fc353,3,boot-3,49,SEARCHING,True,74,40,40,1,1,0.0,18,36,520,PRUEBA_LOCAL,12,12,592,
2026-10-06T02:34:39Z,03c3606fc353,1,boot-1,46,SEARCHING,True,78,40,40,1,1,0.0,19,38,545,PRUEBA_LOCAL,12,12,624,
2026-10-06T02:34:39Z,03c3606fc353,2,boot-2,51,SEARCHING,True,78,40,40,1,1,0.0,19,38,545,PRUEBA_LOCAL,12,12,624,
2026-10-06T02:34:39Z,03c3606fc353,3,boot-3,51,SEARCHING,True,78,40,40,1,1,0.0,19,38,545,PRUEBA_LOCAL,12,12,624,
2026-10-06T02:34:39Z,03c3606fc353,1,boot-1,48,SEARCHING,True,81,40,40,1,1,0.0,20,40,566,PRUEBA_LOCAL,12,12,648,
2026-10-06T02:34:39Z,03c3606fc353,2,boot-2,53,SEARCHING,True,81,40,40,1,1,0.0,20,40,566,PRUEBA_LOCAL,12,12,648,
2026-10-06T02:34:39Z,03c3606fc353,3,boot-3,53,SEARCHING,True,81,40,40,1,1,0.0,20,40,566,PRUEBA_LOCAL,12,12,648,
2026-10-06T02:34:39Z,03c3606fc353,1,boot-1,50,SEARCHING,True,84,40,40,1,1,0.0,21,40,587,PRUEBA_LOCAL,12,12,672,
2026-10-06T02:34:39Z,03c3606fc353,2,boot-2,55,SEARCHING,True,84,40,40,1,1,0.0,21,41,587,PRUEBA_LOCAL,12,12,672,
2026-10-06T02:34:39Z,03c3606fc353,3,boot-3,55,SEARCHING,True,84,40,40,1,1,0.0,21,41,587,PRUEBA_LOCAL,12,12,672,
2026-10-06T02:34:39Z,03c3606fc353,1,boot-1,52,SEARCHING,True,88,40,40,1,1,0.0,22,42,612,PRUEBA_LOCAL,12,12,704,
2026-10-06T02:34:39Z,03c3606fc353,2,boot-2,58,SEARCHING,True,88,40,40,1,1,0.0,22,43,612,PRUEBA_LOCAL,12,12,704,
2026-10-06T02:34:39Z,03c3606fc353,3,boot-3,58,SEARCHING,True,88,40,40,1,1,0.0,22,43,612,PRUEBA_LOCAL,12,12,704,
2026-10-06T02:34:39Z,03c3606fc353,1,boot-1,53,SEARCHING,True,91,40,40,1,1,0.0,22,44,632,PRUEBA_LOCAL,12,12,728,
2026-10-06T02:34:39Z,03c3606fc353,2,boot-2,59,SEARCHING,True,91,40,40,1,1,0.0,22,44,632,PRUEBA_LOCAL,12,12,728,
2026-10-06T02:34:39Z,03c3606fc353,3,boot-3,59,SEARCHING,True,91,40,40,1,1,0.0,22,44,632,PRUEBA_LOCAL,12,12,728,
2026-10-06T02:34:39Z,03c3606fc353,1,boot-1,55,SEARCHING,True,94,40,40,1,1,0.0,23,46,652,PRUEBA_LOCAL,12,12,752,
2026-10-06T02:34:39Z,03c3606fc353,2,boot-2,61,SEARCHING,True,94,40,40,1,1,0.0,23,46,652,PRUEBA_LOCAL,12,12,752,
2026-10-06T02:34:39Z,03c3606fc353,3,boot-3,61,SEARCHING,True,94,40,40,1,1,0.0,23,46,652,PRUEBA_LOCAL,12,12,752,
2026-10-06T02:34:39Z,03c3606fc353,1,boot-1,57,SEARCHING,True,98,40,40,1,1,0.0,24,48,678,PRUEBA_LOCAL,12,12,784,
2026-10-06T02:34:39Z,03c3606fc353,2,boot-2,63,SEARCHING,True,98,40,40,1,1,0.0,24,48,678,PRUEBA_LOCAL,12,12,784,
2026-10-06T02:34:39Z,03c3606fc353,3,boot-3,63,SEARCHING,True,98,40,40,1,1,0.0,24,48,678,PRUEBA_LOCAL,12,12,784,
2026-10-06T02:34:39Z,03c3606fc353,1,boot-1,59,SEARCHING,True,102,40,40,1,1,0.0,25,50,704,PRUEBA_LOCAL,12,12,816,
2026-10-06T02:34:39Z,03c3606fc353,2,boot-2,65,SEARCHING,True,102,40,40,1,1,0.0,25,50,704,PRUEBA_LOCAL,12,12,816,
2026-10-06T02:34:39Z,03c3606fc353,3,boot-3,65,SEARCHING,True,102,40,40,1,1,0.0,25,50,704,PRUEBA_LOCAL,12,12,816,
2026-10-06T02:34:39Z,03c3606fc353,1,boot-1,61,SEARCHING,True,105,40,40,1,1,0.0,26,52,724,PRUEBA_LOCAL,12,12,840,
2026-10-06T02:34:39Z,03c3606fc353,2,boot-2,68,SEARCHING,True,105,40,40,1,1,0.0,26,52,724,PRUEBA_LOCAL,12,12,840,
2026-10-06T02:34:39Z,03c3606fc353,3,boot-3,68,SEARCHING,True,105,40,40,1,1,0.0,26,52,724,PRUEBA_LOCAL,12,12,840,
2026-10-06T02:34:39Z,03c3606fc353,1,boot-1,63,SEARCHING,True,108,40,40,1,1,0.0,27,52,745,PRUEBA_LOCAL,12,12,864,
2026-10-06T02:34:39Z,03c3606fc353,2,boot-2,70,SEARCHING,True,108,40,40,1,1,0.0,27,53,745,PRUEBA_LOCAL,12,12,864,
2026-10-06T02:34:39Z,03c3606fc353,3,boot-3,70,SEARCHING,True,108,40,40,1,1,0.0,27,53,745,PRUEBA_LOCAL,12,12,864,
2026-10-06T02:34:39Z,03c3606fc353,1,boot-1,64,SEARCHING,True,111,40,40,1,1,0.0,27,54,767,PRUEBA_LOCAL,12,12,888,
2026-10-06T02:34:39Z,03c3606fc353,2,boot-2,71,SEARCHING,True,111,40,40,1,1,0.0,27,54,767,PRUEBA_LOCAL,12,12,888,
2026-10-06T02:34:39Z,03c3606fc353,3,boot-3,71,SEARCHING,True,111,40,40,1,1,0.0,27,54,767,PRUEBA_LOCAL,12,12,888,
2026-10-06T02:34:39Z,03c3606fc353,1,boot-1,66,SEARCHING,True,114,40,40,1,1,0.0,28,56,787,PRUEBA_LOCAL,12,12,912,
2026-10-06T02:34:39Z,03c3606fc353,2,boot-2,73,SEARCHING,True,114,40,40,1,1,0.0,28,56,787,PRUEBA_LOCAL,12,12,912,
2026-10-06T02:34:39Z,03c3606fc353,3,boot-3,73,SEARCHING,True,114,40,40,1,1,0.0,28,56,787,PRUEBA_LOCAL,12,12,912,
2026-10-06T02:34:39Z,03c3606fc353,1,boot-1,68,SEARCHING,True,117,40,40,1,1,0.0,29,58,807,PRUEBA_LOCAL,12,12,936,
2026-10-06T02:34:39Z,03c3606fc353,2,boot-2,75,SEARCHING,True,117,40,40,1,1,0.0,29,58,807,PRUEBA_LOCAL,12,12,936,
2026-10-06T02:34:39Z,03c3606fc353,3,boot-3,75,SEARCHING,True,117,40,40,1,1,0.0,29,58,807,PRUEBA_LOCAL,12,12,936,
2026-10-06T02:34:39Z,03c3606fc353,1,boot-1,70,SEARCHING,True,120,40,40,1,1,0.0,30,58,827,PRUEBA_LOCAL,12,12,960,
2026-10-06T02:34:39Z,03c3606fc353,2,boot-2,78,SEARCHING,True,120,40,40,1,1,0.0,30,59,827,PRUEBA_LOCAL,12,12,960,
2026-10-06T02:34:39Z,03c3606fc353,3,boot-3,78,SEARCHING,True,120,40,40,1,1,0.0,30,59,827,PRUEBA_LOCAL,12,12,960,
2026-10-06T02:34:39Z,03c3606fc353,1,boot-1,71,SEARCHING,True,123,40,40,1,1,0.0,30,60,849,PRUEBA_LOCAL,12,12,984,
2026-10-06T02:34:39Z,03c3606fc353,2,boot-2,79,SEARCHING,True,123,40,40,1,1,0.0,30,60,849,PRUEBA_LOCAL,12,12,984,
2026-10-06T02:34:39Z,03c3606fc353,3,boot-3,79,SEARCHING,True,123,40,40,1,1,0.0,30,60,849,PRUEBA_LOCAL,12,12,984,
2026-10-06T02:34:39Z,03c3606fc353,1,boot-1,73,SEARCHING,True,127,40,40,1,1,0.0,31,62,875,PRUEBA_LOCAL,12,12,1016,
2026-10-06T02:34:39Z,03c3606fc353,2,boot-2,81,SEARCHING,True,127,40,40,1,1,0.0,31,62,875,PRUEBA_LOCAL,12,12,1016,
2026-10-06T02:34:39Z,03c3606fc353,3,boot-3,81,SEARCHING,True,127,40,40,1,1,0.0,31,62,875,PRUEBA_LOCAL,12,12,1016,
2026-10-06T02:34:39Z,03c3606fc353,1,boot-1,75,SEARCHING,True,130,40,40,1,1,0.0,32,64,897,PRUEBA_LOCAL,12,12,1040,
2026-10-06T02:34:39Z,03c3606fc353,2,boot-2,83,SEARCHING,True,130,40,40,1,1,0.0,32,64,897,PRUEBA_LOCAL,12,12,1040,
2026-10-06T02:34:39Z,03c3606fc353,3,boot-3,83,SEARCHING,True,130,40,40,1,1,0.0,32,64,897,PRUEBA_LOCAL,12,12,1040,
2026-10-06T02:34:39Z,03c3606fc353,1,boot-1,77,SEARCHING,True,133,40,40,1,1,0.0,33,66,917,PRUEBA_LOCAL,12,12,1064,
2026-10-06T02:34:39Z,03c3606fc353,2,boot-2,86,SEARCHING,True,133,40,40,1,1,0.0,33,66,917,PRUEBA_LOCAL,12,12,1064,
2026-10-06T02:34:39Z,03c3606fc353,3,boot-3,86,SEARCHING,True,133,40,40,1,1,0.0,33,66,917,PRUEBA_LOCAL,12,12,1064,
2026-10-06T02:34:39Z,03c3606fc353,1,boot-1,79,SEARCHING,True,136,40,40,1,1,0.0,34,66,937,PRUEBA_LOCAL,12,12,1088,
2026-10-06T02:34:39Z,03c3606fc353,2,boot-2,88,SEARCHING,True,136,40,40,1,1,0.0,34,67,937,PRUEBA_LOCAL,12,12,1088,
2026-10-06T02:34:39Z,03c3606fc353,3,boot-3,88,SEARCHING,True,136,40,40,1,1,0.0,34,67,937,PRUEBA_LOCAL,12,12,1088,
2026-10-06T02:34:39Z,03c3606fc353,1,boot-1,81,SEARCHING,True,140,40,40,1,1,0.0,35,68,962,PRUEBA_LOCAL,12,12,1120,
2026-10-06T02:34:39Z,03c3606fc353,2,boot-2,90,SEARCHING,True,140,40,40,1,1,0.0,35,69,962,PRUEBA_LOCAL,12,12,1120,
2026-10-06T02:34:39Z,03c3606fc353,3,boot-3,90,SEARCHING,True,140,40,40,1,1,0.0,35,69,962,PRUEBA_LOCAL,12,12,1120,
2026-10-06T02:34:39Z,03c3606fc353,1,boot-1,82,SEARCHING,True,143,40,40,1,1,0.0,35,70,982,PRUEBA_LOCAL,12,12,1144,
2026-10-06T02:34:39Z,03c3606fc353,2,boot-2,91,SEARCHING,True,143,40,40,1,1,0.0,35,70,982,PRUEBA_LOCAL,12,12,1144,
2026-10-06T02:34:39Z,03c3606fc353,3,boot-3,91,SEARCHING,True,143,40,40,1,1,0.0,35,70,982,PRUEBA_LOCAL,12,12,1144,
2026-10-06T02:34:39Z,03c3606fc353,1,boot-1,84,SEARCHING,True,146,40,40,1,1,0.0,36,72,1003,PRUEBA_LOCAL,12,12,1168,
2026-10-06T02:34:39Z,03c3606fc353,2,boot-2,93,SEARCHING,True,146,40,40,1,1,0.0,36,72,1003,PRUEBA_LOCAL,12,12,1168,
2026-10-06T02:34:39Z,03c3606fc353,3,boot-3,93,SEARCHING,True,146,40,40,1,1,0.0,36,72,1003,PRUEBA_LOCAL,12,12,1168,
2026-10-06T02:34:39Z,03c3606fc353,1,boot-1,86,SEARCHING,True,150,40,40,1,1,0.0,37,74,1029,PRUEBA_LOCAL,12,12,1200,
2026-10-06T02:34:39Z,03c3606fc353,2,boot-2,96,SEARCHING,True,150,40,40,1,1,0.0,37,74,1029,PRUEBA_LOCAL,12,12,1200,
2026-10-06T02:34:39Z,03c3606fc353,3,boot-3,96,SEARCHING,True,150,40,40,1,1,0.0,37,74,1029,PRUEBA_LOCAL,12,12,1200,
2026-10-06T02:34:39Z,03c3606fc353,1,boot-1,88,SEARCHING,True,153,40,40,1,1,0.0,38,76,1050,PRUEBA_LOCAL,12,12,1224,
2026-10-06T02:34:39Z,03c3606fc353,2,boot-2,98,SEARCHING,True,153,40,40,1,1,0.0,38,76,1050,PRUEBA_LOCAL,12,12,1224,
2026-10-06T02:34:39Z,03c3606fc353,3,boot-3,98,SEARCHING,True,153,40,40,1,1,0.0,38,76,1050,PRUEBA_LOCAL,12,12,1224,
2026-10-06T02:34:39Z,03c3606fc353,1,boot-1,90,SEARCHING,True,156,40,40,1,1,0.0,39,76,1071,PRUEBA_LOCAL,12,12,1248,
2026-10-06T02:34:39Z,03c3606fc353,2,boot-2,100,SEARCHING,True,156,40,40,1,1,0.0,39,77,1071,PRUEBA_LOCAL,12,12,1248,
2026-10-06T02:34:39Z,03c3606fc353,3,boot-3,100,SEARCHING,True,156,40,40,1,1,0.0,39,77,1071,PRUEBA_LOCAL,12,12,1248,
2026-10-06T02:34:39Z,03c3606fc353,1,boot-1,91,SEARCHING,True,159,40,40,1,1,0.0,39,78,1092,PRUEBA_LOCAL,12,12,1272,
2026-10-06T02:34:39Z,03c3606fc353,2,boot-2,101,SEARCHING,True,159,40,40,1,1,0.0,39,78,1092,PRUEBA_LOCAL,12,12,1272,
2026-10-06T02:34:39Z,03c3606fc353,3,boot-3,101,SEARCHING,True,159,40,40,1,1,0.0,39,78,1092,PRUEBA_LOCAL,12,12,1272,
2026-10-06T02:34:39Z,03c3606fc353,1,boot-1,94,SELECTING,True,160,40,40,1.0,1.0,0.0,40,80,1112,PRUEBA_LOCAL,12,12,1280,40
2026-10-06T02:34:39Z,03c3606fc353,2,boot-2,104,SELECTING,True,160,40,40,1.0,1.0,0.0,40,80,1112,PRUEBA_LOCAL,12,12,1280,40
2026-10-06T02:34:39Z,03c3606fc353,3,boot-3,104,SELECTING,True,160,40,40,1.0,1.0,0.0,40,80,1112,PRUEBA_LOCAL,12,12,1280,40
2026-10-06T02:34:39Z,03c3606fc353,1,boot-1,95,SELECTING,True,160,40,40,1.0,1.0,0.0,40,80,1132,PRUEBA_LOCAL,12,12,1280,40
2026-10-06T02:34:39Z,03c3606fc353,2,boot-2,106,SELECTING,True,160,40,40,1.0,1.0,0.0,40,80,1132,PRUEBA_LOCAL,12,12,1280,40
2026-10-06T02:34:39Z,03c3606fc353,3,boot-3,106,SELECTING,True,160,40,40,1.0,1.0,0.0,40,80,1132,PRUEBA_LOCAL,12,12,1280,40
2026-10-06T02:34:39Z,03c3606fc353,1,boot-1,96,SELECTING,True,160,40,40,1.0,1.0,0.0,40,80,1154,PRUEBA_LOCAL,12,12,1280,40
2026-10-06T02:34:39Z,03c3606fc353,2,boot-2,107,SELECTING,True,160,40,40,1.0,1.0,0.0,40,80,1154,PRUEBA_LOCAL,12,12,1280,40
2026-10-06T02:34:39Z,03c3606fc353,3,boot-3,107,SELECTING,True,160,40,40,1.0,1.0,0.0,40,80,1154,PRUEBA_LOCAL,12,12,1280,40
2026-10-06T02:34:39Z,03c3606fc353,1,boot-1,97,SELECTING,True,160,40,40,1.0,1.0,0.0,40,80,1175,PRUEBA_LOCAL,12,12,1280,40
2026-10-06T02:34:39Z,03c3606fc353,2,boot-2,108,SELECTING,True,160,40,40,1.0,1.0,0.0,40,80,1175,PRUEBA_LOCAL,12,12,1280,40
2026-10-06T02:34:39Z,03c3606fc353,3,boot-3,108,SELECTING,True,160,40,40,1.0,1.0,0.0,40,80,1175,PRUEBA_LOCAL,12,12,1280,40
2026-10-06T02:34:39Z,03c3606fc353,1,boot-1,98,SELECTING,True,160,40,40,1.0,1.0,0.0,40,80,1195,PRUEBA_LOCAL,12,12,1280,40
2026-10-06T02:34:39Z,03c3606fc353,2,boot-2,109,SELECTING,True,160,40,40,1.0,1.0,0.0,40,80,1195,PRUEBA_LOCAL,12,12,1280,40
2026-10-06T02:34:39Z,03c3606fc353,3,boot-3,109,SELECTING,True,160,40,40,1.0,1.0,0.0,40,80,1195,PRUEBA_LOCAL,12,12,1280,40
2026-10-06T02:34:39Z,03c3606fc353,1,boot-1,99,SELECTING,True,160,40,40,1.0,1.0,0.0,40,80,1216,PRUEBA_LOCAL,12,12,1280,40
2026-10-06T02:34:39Z,03c3606fc353,2,boot-2,110,SELECTING,True,160,40,40,1.0,1.0,0.0,40,80,1216,PRUEBA_LOCAL,12,12,1280,40
2026-10-06T02:34:39Z,03c3606fc353,3,boot-3,110,SELECTING,True,160,40,40,1.0,1.0,0.0,40,80,1216,PRUEBA_LOCAL,12,12,1280,40
2026-10-06T02:34:39Z,03c3606fc353,1,boot-1,100,SELECTING,True,160,40,40,1.0,1.0,0.0,40,80,1238,PRUEBA_LOCAL,12,12,1280,40
2026-10-06T02:34:39Z,03c3606fc353,2,boot-2,112,SELECTING,True,160,40,40,1.0,1.0,0.0,40,80,1238,PRUEBA_LOCAL,12,12,1280,40
2026-10-06T02:34:39Z,03c3606fc353,3,boot-3,112,SELECTING,True,160,40,40,1.0,1.0,0.0,40,80,1238,PRUEBA_LOCAL,12,12,1280,40
2026-10-06T02:34:39Z,03c3606fc353,1,boot-1,101,SELECTING,True,160,40,40,1.0,1.0,0.0,40,80,1259,PRUEBA_LOCAL,12,12,1280,40
2026-10-06T02:34:39Z,03c3606fc353,2,boot-2,113,SELECTING,True,160,40,40,1.0,1.0,0.0,40,80,1259,PRUEBA_LOCAL,12,12,1280,40
2026-10-06T02:34:39Z,03c3606fc353,3,boot-3,113,SELECTING,True,160,40,40,1.0,1.0,0.0,40,80,1259,PRUEBA_LOCAL,12,12,1280,40
2026-10-06T02:34:39Z,03c3606fc353,1,boot-1,102,SELECTING,True,160,40,40,1.0,1.0,0.0,40,80,1280,PRUEBA_LOCAL,12,12,1280,40
2026-10-06T02:34:39Z,03c3606fc353,2,boot-2,114,SELECTING,True,160,40,40,1.0,1.0,0.0,40,80,1280,PRUEBA_LOCAL,12,12,1280,40
2026-10-06T02:34:39Z,03c3606fc353,3,boot-3,114,SELECTING,True,160,40,40,1.0,1.0,0.0,40,80,1280,PRUEBA_LOCAL,12,12,1280,40
2026-10-06T02:34:39Z,03c3606fc353,1,boot-1,103,SELECTING,True,160,40,40,1.0,1.0,0.0,40,80,1301,PRUEBA_LOCAL,12,12,1280,40
2026-10-06T02:34:39Z,03c3606fc353,2,boot-2,115,SELECTING,True,160,40,40,1.0,1.0,0.0,40,80,1301,PRUEBA_LOCAL,12,12,1280,40
2026-10-06T02:34:39Z,03c3606fc353,3,boot-3,115,SELECTING,True,160,40,40,1.0,1.0,0.0,40,80,1301,PRUEBA_LOCAL,12,12,1280,40
2026-10-06T02:34:39Z,03c3606fc353,1,boot-1,104,SELECTING,True,160,40,40,1.0,1.0,0.0,40,80,1323,PRUEBA_LOCAL,12,12,1280,40
2026-10-06T02:34:39Z,03c3606fc353,2,boot-2,117,SELECTING,True,160,40,40,1.0,1.0,0.0,40,80,1323,PRUEBA_LOCAL,12,12,1280,40
2026-10-06T02:34:39Z,03c3606fc353,3,boot-3,117,SELECTING,True,160,40,40,1.0,1.0,0.0,40,80,1323,PRUEBA_LOCAL,12,12,1280,40
2026-10-06T02:34:39Z,03c3606fc353,1,boot-1,105,SELECTING,True,160,40,40,1.0,1.0,0.0,40,80,1344,PRUEBA_LOCAL,12,12,1280,40
2026-10-06T02:34:39Z,03c3606fc353,2,boot-2,118,SELECTING,True,160,40,40,1.0,1.0,0.0,40,80,1344,PRUEBA_LOCAL,12,12,1280,40
2026-10-06T02:34:39Z,03c3606fc353,3,boot-3,118,SELECTING,True,160,40,40,1.0,1.0,0.0,40,80,1344,PRUEBA_LOCAL,12,12,1280,40
2026-10-06T02:34:39Z,03c3606fc353,1,boot-1,106,SELECTING,True,160,40,40,1.0,1.0,0.0,40,80,1365,PRUEBA_LOCAL,12,12,1280,40
2026-10-06T02:34:39Z,03c3606fc353,2,boot-2,119,SELECTING,True,160,40,40,1.0,1.0,0.0,40,80,1365,PRUEBA_LOCAL,12,12,1280,40
2026-10-06T02:34:39Z,03c3606fc353,3,boot-3,119,SELECTING,True,160,40,40,1.0,1.0,0.0,40,80,1365,PRUEBA_LOCAL,12,12,1280,40
2026-10-06T02:34:39Z,03c3606fc353,1,boot-1,107,SELECTING,True,160,40,40,1.0,1.0,0.0,40,80,1385,PRUEBA_LOCAL,12,12,1280,40
2026-10-06T02:34:39Z,03c3606fc353,2,boot-2,120,SELECTING,True,160,40,40,1.0,1.0,0.0,40,80,1385,PRUEBA_LOCAL,12,12,1280,40
2026-10-06T02:34:39Z,03c3606fc353,3,boot-3,120,SELECTING,True,160,40,40,1.0,1.0,0.0,40,80,1385,PRUEBA_LOCAL,12,12,1280,40
2026-10-06T02:34:39Z,03c3606fc353,1,boot-1,108,SELECTING,True,160,40,40,1.0,1.0,0.0,40,80,1406,PRUEBA_LOCAL,12,12,1280,40
2026-10-06T02:34:39Z,03c3606fc353,2,boot-2,121,SELECTING,True,160,40,40,1.0,1.0,0.0,40,80,1406,PRUEBA_LOCAL,12,12,1280,40
2026-10-06T02:34:39Z,03c3606fc353,3,boot-3,121,SELECTING,True,160,40,40,1.0,1.0,0.0,40,80,1406,PRUEBA_LOCAL,12,12,1280,40
2026-10-06T02:34:39Z,03c3606fc353,1,boot-1,109,SELECTING,True,160,40,40,1.0,1.0,0.0,40,80,1427,PRUEBA_LOCAL,12,12,1280,40
2026-10-06T02:34:39Z,03c3606fc353,2,boot-2,123,SELECTING,True,160,40,40,1.0,1.0,0.0,40,80,1427,PRUEBA_LOCAL,12,12,1280,40
2026-10-06T02:34:39Z,03c3606fc353,3,boot-3,123,SELECTING,True,160,40,40,1.0,1.0,0.0,40,80,1427,PRUEBA_LOCAL,12,12,1280,40
2026-10-06T02:34:39Z,03c3606fc353,1,boot-1,110,SELECTING,True,160,40,40,1.0,1.0,0.0,40,80,1448,PRUEBA_LOCAL,12,12,1280,40
2026-10-06T02:34:39Z,03c3606fc353,2,boot-2,124,SELECTING,True,160,40,40,1.0,1.0,0.0,40,80,1448,PRUEBA_LOCAL,12,12,1280,40
2026-10-06T02:34:39Z,03c3606fc353,3,boot-3,124,SELECTING,True,160,40,40,1.0,1.0,0.0,40,80,1448,PRUEBA_LOCAL,12,12,1280,40
2026-10-06T02:34:39Z,03c3606fc353,1,boot-1,111,SELECTING,True,160,40,40,1.0,1.0,0.0,40,80,1469,PRUEBA_LOCAL,12,12,1280,40
2026-10-06T02:34:39Z,03c3606fc353,2,boot-2,125,SELECTING,True,160,40,40,1.0,1.0,0.0,40,80,1469,PRUEBA_LOCAL,12,12,1280,40
2026-10-06T02:34:39Z,03c3606fc353,3,boot-3,125,SELECTING,True,160,40,40,1.0,1.0,0.0,40,80,1469,PRUEBA_LOCAL,12,12,1280,40
2026-10-06T02:34:40Z,03c3606fc353,1,boot-1,112,SELECTING,True,160,40,40,1.0,1.0,0.0,40,80,1491,PRUEBA_LOCAL,12,12,1280,40
2026-10-06T02:34:40Z,03c3606fc353,2,boot-2,126,SELECTING,True,160,40,40,1.0,1.0,0.0,40,80,1491,PRUEBA_LOCAL,12,12,1280,40
2026-10-06T02:34:40Z,03c3606fc353,3,boot-3,126,SELECTING,True,160,40,40,1.0,1.0,0.0,40,80,1491,PRUEBA_LOCAL,12,12,1280,40
2026-10-06T02:34:40Z,03c3606fc353,1,boot-1,113,SELECTING,True,160,40,40,1.0,1.0,0.0,40,80,1512,PRUEBA_LOCAL,12,12,1280,40
2026-10-06T02:34:40Z,03c3606fc353,2,boot-2,127,SELECTING,True,160,40,40,1.0,1.0,0.0,40,80,1512,PRUEBA_LOCAL,12,12,1280,40
2026-10-06T02:34:40Z,03c3606fc353,3,boot-3,127,SELECTING,True,160,40,40,1.0,1.0,0.0,40,80,1512,PRUEBA_LOCAL,12,12,1280,40
2026-10-06T02:34:40Z,03c3606fc353,1,boot-1,114,SELECTING,True,160,40,40,1.0,1.0,0.0,40,80,1533,PRUEBA_LOCAL,12,12,1280,40
2026-10-06T02:34:40Z,03c3606fc353,2,boot-2,129,SELECTING,True,160,40,40,1.0,1.0,0.0,40,80,1533,PRUEBA_LOCAL,12,12,1280,40
2026-10-06T02:34:40Z,03c3606fc353,3,boot-3,129,SELECTING,True,160,40,40,1.0,1.0,0.0,40,80,1533,PRUEBA_LOCAL,12,12,1280,40
2026-10-06T02:34:40Z,03c3606fc353,1,boot-1,115,SELECTING,True,160,40,40,1.0,1.0,0.0,40,80,1555,PRUEBA_LOCAL,12,12,1280,40
2026-10-06T02:34:40Z,03c3606fc353,2,boot-2,130,SELECTING,True,160,40,40,1.0,1.0,0.0,40,80,1555,PRUEBA_LOCAL,12,12,1280,40
2026-10-06T02:34:40Z,03c3606fc353,3,boot-3,130,SELECTING,True,160,40,40,1.0,1.0,0.0,40,80,1555,PRUEBA_LOCAL,12,12,1280,40
2026-10-06T02:34:40Z,03c3606fc353,1,boot-1,116,SELECTING,True,160,40,40,1.0,1.0,0.0,40,80,1576,PRUEBA_LOCAL,12,12,1280,40
2026-10-06T02:34:40Z,03c3606fc353,2,boot-2,131,SELECTING,True,160,40,40,1.0,1.0,0.0,40,80,1576,PRUEBA_LOCAL,12,12,1280,40
2026-10-06T02:34:40Z,03c3606fc353,3,boot-3,131,SELECTING,True,160,40,40,1.0,1.0,0.0,40,80,1576,PRUEBA_LOCAL,12,12,1280,40
2026-10-06T02:34:40Z,03c3606fc353,1,boot-1,117,SELECTING,True,160,40,40,1.0,1.0,0.0,40,80,1597,PRUEBA_LOCAL,12,12,1280,40
2026-10-06T02:34:40Z,03c3606fc353,2,boot-2,132,SELECTING,True,160,40,40,1.0,1.0,0.0,40,80,1597,PRUEBA_LOCAL,12,12,1280,40
2026-10-06T02:34:40Z,03c3606fc353,3,boot-3,132,SELECTING,True,160,40,40,1.0,1.0,0.0,40,80,1597,PRUEBA_LOCAL,12,12,1280,40
2026-10-06T02:34:40Z,03c3606fc353,1,boot-1,119,SELECTING,True,160,40,40,1.0,1.0,0.0,40,80,1617,PRUEBA_LOCAL,12,12,1280,40
2026-10-06T02:34:40Z,03c3606fc353,2,boot-2,134,SELECTING,True,160,40,40,1.0,1.0,0.0,40,80,1617,PRUEBA_LOCAL,12,12,1280,40
2026-10-06T02:34:40Z,03c3606fc353,3,boot-3,134,SELECTING,True,160,40,40,1.0,1.0,0.0,40,80,1617,PRUEBA_LOCAL,12,12,1280,40
2026-10-06T02:34:40Z,03c3606fc353,1,boot-1,120,SELECTING,True,160,40,40,1.0,1.0,0.0,40,80,1637,PRUEBA_LOCAL,12,12,1280,40
2026-10-06T02:34:40Z,03c3606fc353,2,boot-2,136,SELECTING,True,160,40,40,1.0,1.0,0.0,40,80,1637,PRUEBA_LOCAL,12,12,1280,40
2026-10-06T02:34:40Z,03c3606fc353,3,boot-3,136,SELECTING,True,160,40,40,1.0,1.0,0.0,40,80,1637,PRUEBA_LOCAL,12,12,1280,40
2026-10-06T02:34:40Z,03c3606fc353,1,boot-1,121,SELECTING,True,160,40,40,1.0,1.0,0.0,40,80,1658,PRUEBA_LOCAL,12,12,1280,40
2026-10-06T02:34:40Z,03c3606fc353,2,boot-2,137,SELECTING,True,160,40,40,1.0,1.0,0.0,40,80,1658,PRUEBA_LOCAL,12,12,1280,40
2026-10-06T02:34:40Z,03c3606fc353,3,boot-3,137,SELECTING,True,160,40,40,1.0,1.0,0.0,40,80,1658,PRUEBA_LOCAL,12,12,1280,40
2026-10-06T02:34:40Z,03c3606fc353,1,boot-1,122,SELECTING,True,160,40,40,1.0,1.0,0.0,40,80,1679,PRUEBA_LOCAL,12,12,1280,40
2026-10-06T02:34:40Z,03c3606fc353,2,boot-2,138,SELECTING,True,160,40,40,1.0,1.0,0.0,40,80,1679,PRUEBA_LOCAL,12,12,1280,40
2026-10-06T02:34:40Z,03c3606fc353,3,boot-3,138,SELECTING,True,160,40,40,1.0,1.0,0.0,40,80,1679,PRUEBA_LOCAL,12,12,1280,40
2026-10-06T02:34:40Z,03c3606fc353,1,boot-1,123,MOVING,True,160,40,40,1.0,1.0,0.0,40,80,1700,PRUEBA_LOCAL,12,12,1280,40
2026-10-06T02:34:40Z,03c3606fc353,2,boot-2,139,MOVING,True,160,40,40,1.0,1.0,0.0,40,80,1700,PRUEBA_LOCAL,12,12,1280,40
2026-10-06T02:34:40Z,03c3606fc353,3,boot-3,139,SELECTING,True,160,40,40,1.0,1.0,0.0,40,80,1700,PRUEBA_LOCAL,12,12,1280,40
2026-10-06T02:34:40Z,03c3606fc353,1,boot-1,124,MOVING,True,160,40,40,1.0,2.6667,1.6667,40,80,1720,PRUEBA_LOCAL,12,12,1280,40
2026-10-06T02:34:40Z,03c3606fc353,2,boot-2,140,MOVING,True,160,40,40,1.0,2.6667,1.6667,40,80,1720,PRUEBA_LOCAL,12,12,1280,40
2026-10-06T02:34:40Z,03c3606fc353,3,boot-3,140,MOVING,True,160,40,40,1.0,2.0833,1.0833,40,80,1720,PRUEBA_LOCAL,12,12,1280,40
2026-10-06T02:34:40Z,03c3606fc353,1,boot-1,125,MOVING,True,160,40,40,2.3333,3.0,3.3333,40,80,1740,PRUEBA_LOCAL,12,12,1280,40
2026-10-06T02:34:40Z,03c3606fc353,2,boot-2,142,MOVING,True,160,40,40,2.3333,3.0,3.3333,40,80,1740,PRUEBA_LOCAL,12,12,1280,40
2026-10-06T02:34:40Z,03c3606fc353,3,boot-3,142,MOVING,True,160,40,40,1.75,3.0,2.75,40,80,1740,PRUEBA_LOCAL,12,12,1280,40
2026-10-06T02:34:40Z,03c3606fc353,1,boot-1,126,MOVING,True,160,40,40,4.0833,3.0,5.0833,40,80,1761,PRUEBA_LOCAL,12,12,1280,40
2026-10-06T02:34:40Z,03c3606fc353,2,boot-2,143,MOVING,True,160,40,40,4.0833,3.0,5.0833,40,80,1761,PRUEBA_LOCAL,12,12,1280,40
2026-10-06T02:34:40Z,03c3606fc353,3,boot-3,143,MOVING,True,160,40,40,3.5,3.0,4.5,40,80,1761,PRUEBA_LOCAL,12,12,1280,40
2026-10-06T02:34:40Z,03c3606fc353,1,boot-1,127,MOVING,True,160,40,40,5.0,3.8333,6.8333,40,80,1782,PRUEBA_LOCAL,12,12,1280,40
2026-10-06T02:34:40Z,03c3606fc353,2,boot-2,144,MOVING,True,160,40,40,5.0,3.8333,6.8333,40,80,1782,PRUEBA_LOCAL,12,12,1280,40
2026-10-06T02:34:40Z,03c3606fc353,3,boot-3,144,MOVING,True,160,40,40,5.0,3.25,6.25,40,80,1782,PRUEBA_LOCAL,12,12,1280,40
2026-10-06T02:34:40Z,03c3606fc353,1,boot-1,128,MOVING,True,160,40,40,4.5,5.0,8.5,40,80,1802,PRUEBA_LOCAL,12,12,1280,40
2026-10-06T02:34:40Z,03c3606fc353,2,boot-2,145,MOVING,True,160,40,40,5.5,5.0,8.5,40,80,1802,PRUEBA_LOCAL,12,12,1280,40
2026-10-06T02:34:40Z,03c3606fc353,3,boot-3,145,MOVING,True,160,40,40,5.0,4.9167,7.9167,40,80,1802,PRUEBA_LOCAL,12,12,1280,40
2026-10-06T02:34:40Z,03c3606fc353,1,boot-1,129,MOVING,True,160,40,40,3.0,5.25,10.25,40,80,1823,PRUEBA_LOCAL,12,12,1280,40
2026-10-06T02:34:40Z,03c3606fc353,2,boot-2,147,MOVING,True,160,40,40,7.25,5.0,10.25,40,80,1823,PRUEBA_LOCAL,12,12,1280,40
2026-10-06T02:34:40Z,03c3606fc353,3,boot-3,147,MOVING,True,160,40,40,6.6667,5.0,9.6667,40,80,1823,PRUEBA_LOCAL,12,12,1280,40
2026-10-06T02:34:40Z,03c3606fc353,1,boot-1,130,MOVING,True,160,40,40,3.0,6.9167,11.9167,40,80,1843,PRUEBA_LOCAL,12,12,1280,40
2026-10-06T02:34:40Z,03c3606fc353,2,boot-2,148,MOVING,True,160,40,40,8.9167,5.0,11.9167,40,80,1843,PRUEBA_LOCAL,12,12,1280,40
2026-10-06T02:34:40Z,03c3606fc353,3,boot-3,148,MOVING,True,160,40,40,8.3333,5.0,11.3333,40,80,1843,PRUEBA_LOCAL,12,12,1280,40
2026-10-06T02:34:40Z,03c3606fc353,1,boot-1,131,MOVING,True,160,40,40,1.25,7.0,13.75,40,80,1865,PRUEBA_LOCAL,12,12,1280,40
2026-10-06T02:34:40Z,03c3606fc353,2,boot-2,149,MOVING,True,160,40,40,9.0,3.25,13.75,40,80,1865,PRUEBA_LOCAL,12,12,1280,40
2026-10-06T02:34:40Z,03c3606fc353,3,boot-3,149,MOVING,True,160,40,40,9.0,3.8333,13.1667,40,80,1865,PRUEBA_LOCAL,12,12,1280,40
2026-10-06T02:34:40Z,03c3606fc353,1,boot-1,132,MOVING,True,160,40,40,1.0,8.5,15.5,40,80,1886,PRUEBA_LOCAL,12,12,1280,40
2026-10-06T02:34:40Z,03c3606fc353,2,boot-2,150,MOVING,True,160,40,40,9.0,1.5,15.5,40,80,1886,PRUEBA_LOCAL,12,12,1280,40
2026-10-06T02:34:40Z,03c3606fc353,3,boot-3,150,MOVING,True,160,40,40,9.0,2.0833,14.9167,40,80,1886,PRUEBA_LOCAL,12,12,1280,40
2026-10-06T02:34:40Z,03c3606fc353,1,boot-1,133,MOVING,True,160,40,40,2.3333,9.0,17.3333,40,80,1908,PRUEBA_LOCAL,12,12,1280,40
2026-10-06T02:34:40Z,03c3606fc353,2,boot-2,151,MOVING,True,160,40,40,10.3333,1.0,17.3333,40,80,1908,PRUEBA_LOCAL,12,12,1280,40
2026-10-06T02:34:40Z,03c3606fc353,3,boot-3,151,MOVING,True,160,40,40,9.75,1.0,16.75,40,80,1908,PRUEBA_LOCAL,12,12,1280,40
2026-10-06T02:34:40Z,03c3606fc353,1,boot-1,134,MOVING,True,160,40,40,4.0,9.0,19.0,40,80,1928,PRUEBA_LOCAL,12,12,1280,40
2026-10-06T02:34:40Z,03c3606fc353,2,boot-2,153,MOVING,True,160,40,40,12.0,1.0,19.0,40,80,1928,PRUEBA_LOCAL,12,12,1280,40
2026-10-06T02:34:40Z,03c3606fc353,3,boot-3,153,MOVING,True,160,40,40,11.4167,1.0,18.4167,40,80,1928,PRUEBA_LOCAL,12,12,1280,40
2026-10-06T02:34:40Z,03c3606fc353,1,boot-1,135,MOVING,True,160,40,40,5.75,9.0,20.75,40,80,1949,PRUEBA_LOCAL,12,12,1280,40
2026-10-06T02:34:40Z,03c3606fc353,2,boot-2,154,MOVING,True,160,40,40,13.0,1.75,20.75,40,80,1949,PRUEBA_LOCAL,12,12,1280,40
2026-10-06T02:34:40Z,03c3606fc353,3,boot-3,154,MOVING,True,160,40,40,13.0,1.1667,20.1667,40,80,1949,PRUEBA_LOCAL,12,12,1280,40
2026-10-06T02:34:40Z,03c3606fc353,1,boot-1,136,MOVING,True,160,40,40,7.5,9.0,22.5,40,80,1970,PRUEBA_LOCAL,12,12,1280,40
2026-10-06T02:34:40Z,03c3606fc353,2,boot-2,155,MOVING,True,160,40,40,13.5,3.0,22.5,40,80,1970,PRUEBA_LOCAL,12,12,1280,40
2026-10-06T02:34:40Z,03c3606fc353,3,boot-3,155,MOVING,True,160,40,40,13.0,2.9167,21.9167,40,80,1970,PRUEBA_LOCAL,12,12,1280,40
2026-10-06T02:34:40Z,03c3606fc353,1,boot-1,137,MOVING,True,160,40,40,9.25,9.0,24.25,40,80,1991,PRUEBA_LOCAL,12,12,1280,40
2026-10-06T02:34:40Z,03c3606fc353,2,boot-2,156,MOVING,True,160,40,40,15.25,3.0,24.25,40,80,1991,PRUEBA_LOCAL,12,12,1280,40
2026-10-06T02:34:40Z,03c3606fc353,3,boot-3,156,MOVING,True,160,40,40,14.6667,3.0,23.6667,40,80,1991,PRUEBA_LOCAL,12,12,1280,40
2026-10-06T02:34:40Z,03c3606fc353,1,boot-1,138,MOVING,True,160,40,40,10.9167,9.0,25.9167,40,80,2011,PRUEBA_LOCAL,12,12,1280,40
2026-10-06T02:34:40Z,03c3606fc353,2,boot-2,157,MOVING,True,160,40,40,16.9167,3.0,25.9167,40,80,2011,PRUEBA_LOCAL,12,12,1280,40
2026-10-06T02:34:40Z,03c3606fc353,3,boot-3,157,MOVING,True,160,40,40,15.0,4.3333,25.3333,40,80,2011,PRUEBA_LOCAL,12,12,1280,40
2026-10-06T02:34:40Z,03c3606fc353,1,boot-1,139,MOVING,True,160,40,40,12.75,9.0,27.75,40,80,2033,PRUEBA_LOCAL,12,12,1280,40
2026-10-06T02:34:40Z,03c3606fc353,2,boot-2,159,MOVING,True,160,40,40,17.0,4.75,27.75,40,80,2033,PRUEBA_LOCAL,12,12,1280,40
2026-10-06T02:34:40Z,03c3606fc353,3,boot-3,159,MOVING,True,160,40,40,15.0,6.1667,27.1667,40,80,2033,PRUEBA_LOCAL,12,12,1280,40
2026-10-06T02:34:40Z,03c3606fc353,1,boot-1,140,MOVING,True,160,40,40,14.5,9.0,29.5,40,80,2054,PRUEBA_LOCAL,12,12,1280,40
2026-10-06T02:34:40Z,03c3606fc353,2,boot-2,160,MOVING,True,160,40,40,17.0,6.5,29.5,40,80,2054,PRUEBA_LOCAL,12,12,1280,40
2026-10-06T02:34:40Z,03c3606fc353,3,boot-3,160,MOVING,True,160,40,40,15.0,7.9167,28.9167,40,80,2054,PRUEBA_LOCAL,12,12,1280,40
2026-10-06T02:34:40Z,03c3606fc353,1,boot-1,141,MOVING,True,160,40,40,16.1667,9.0,31.1667,40,80,2074,PRUEBA_LOCAL,12,12,1280,40
2026-10-06T02:34:40Z,03c3606fc353,2,boot-2,161,MOVING,True,160,40,40,17.0,8.1667,31.1667,40,80,2074,PRUEBA_LOCAL,12,12,1280,40
2026-10-06T02:34:40Z,03c3606fc353,3,boot-3,161,MOVING,True,160,40,40,15.5833,9.0,30.5833,40,80,2074,PRUEBA_LOCAL,12,12,1280,40
2026-10-06T02:34:40Z,03c3606fc353,1,boot-1,142,MOVING,True,160,40,40,17.9167,9.0,32.9167,40,80,2095,PRUEBA_LOCAL,12,12,1280,40
2026-10-06T02:34:40Z,03c3606fc353,2,boot-2,162,MOVING,True,160,40,40,17.0,9.9167,32.9167,40,80,2095,PRUEBA_LOCAL,12,12,1280,40
2026-10-06T02:34:40Z,03c3606fc353,3,boot-3,162,MOVING,True,160,40,40,17.0,9.3333,32.3333,40,80,2095,PRUEBA_LOCAL,12,12,1280,40
2026-10-06T02:34:40Z,03c3606fc353,1,boot-1,144,MOVING,True,160,40,40,19.0,9.5833,34.5833,40,80,2115,PRUEBA_LOCAL,12,12,1280,40
2026-10-06T02:34:40Z,03c3606fc353,2,boot-2,164,MOVING,True,160,40,40,17.0,11.5833,34.5833,40,80,2115,PRUEBA_LOCAL,12,12,1280,40
2026-10-06T02:34:40Z,03c3606fc353,3,boot-3,164,MOVING,True,160,40,40,17.0,11.0,34.0,40,80,2115,PRUEBA_LOCAL,12,12,1280,40
2026-10-06T02:34:40Z,03c3606fc353,1,boot-1,145,MOVING,True,160,40,40,19.0,11.3333,36.3333,40,80,2136,PRUEBA_LOCAL,12,12,1280,40
2026-10-06T02:34:40Z,03c3606fc353,2,boot-2,166,MOVING,True,160,40,40,17.3333,13.0,36.3333,40,80,2136,PRUEBA_LOCAL,12,12,1280,40
2026-10-06T02:34:40Z,03c3606fc353,3,boot-3,166,MOVING,True,160,40,40,18.75,11.0,35.75,40,80,2136,PRUEBA_LOCAL,12,12,1280,40
2026-10-06T02:34:40Z,03c3606fc353,1,boot-1,146,MOVING,True,160,40,40,19.0,13.1667,38.1667,40,80,2158,PRUEBA_LOCAL,12,12,1280,40
2026-10-06T02:34:40Z,03c3606fc353,2,boot-2,167,MOVING,True,160,40,40,19.0,13.1667,38.1667,40,80,2158,PRUEBA_LOCAL,12,12,1280,40
2026-10-06T02:34:40Z,03c3606fc353,3,boot-3,167,MOVING,True,160,40,40,19.0,12.5833,37.5833,40,80,2158,PRUEBA_LOCAL,12,12,1280,40
2026-10-06T02:34:40Z,03c3606fc353,1,boot-1,147,MOVING,True,160,40,40,19.0,14.9167,39.9167,40,80,2179,PRUEBA_LOCAL,12,12,1280,40
2026-10-06T02:34:40Z,03c3606fc353,2,boot-2,168,MOVING,True,160,40,40,19.0,14.9167,39.9167,40,80,2179,PRUEBA_LOCAL,12,12,1280,40
2026-10-06T02:34:40Z,03c3606fc353,3,boot-3,168,MOVING,True,160,40,40,19.0,14.3333,39.3333,40,80,2179,PRUEBA_LOCAL,12,12,1280,40
2026-10-06T02:34:40Z,03c3606fc353,1,boot-1,148,ARRIVED,False,160,40,40,19.0,15.0,40.0,40,80,2181,PRUEBA_LOCAL,12,12,1280,40
2026-10-06T02:34:40Z,03c3606fc353,2,boot-2,169,ARRIVED,False,160,40,40,19.0,15.0,40.0,40,80,2181,PRUEBA_LOCAL,12,12,1280,40
2026-10-06T02:34:40Z,03c3606fc353,3,boot-3,169,ARRIVED,False,160,40,40,19.0,15.0,40.0,40,80,2188,PRUEBA_LOCAL,12,12,1280,40
