fecha,t_s,servicio,vlan,estado,motivo,vivo,hb_edad_s,hb_recibidos,hb_perdidos,hb_perdida_60s_pct,hb_jitter_ms,ping_ultimo_ms,ping_prom_ms,ping_p95_ms,ping_max_ms,ping_jitter_ms,disp_60s_pct,disp_total_pct
2026-10-06 07:59:18,0.1,track-server,1,CAIDO,nunca mandó latido y no responde al ping,,,,,,,,,,,,,
2026-10-06 07:59:18,0.1,player-1,1,CAIDO,nunca mandó latido y no responde al ping,,,,,,,,,,,,,
2026-10-06 07:59:18,0.1,player-2,1,CAIDO,nunca mandó latido y no responde al ping,,,,,,,,,,,,,
2026-10-06 07:59:18,0.1,player-3,1,CAIDO,nunca mandó latido y no responde al ping,,,,,,,,,,,,,
2026-10-06 07:59:18,0.1,sim-spot,2,CAIDO,nunca mandó latido y no responde al ping,,,,,,,,,,,,,
2026-10-06 07:59:18,0.1,sim-pepper,2,CAIDO,nunca mandó latido y no responde al ping,,,,,,,,,,,,,
2026-10-06 07:59:18,0.1,sim-nao,2,CAIDO,nunca mandó latido y no responde al ping,,,,,,,,,,,,,
2026-10-06 07:59:18,0.1,router,3,CAIDO,nunca mandó latido y no responde al ping,,,,,,,,,,,,,
2026-10-06 07:59:20,2.1,track-server,1,OK,latido al día,1,0.95,2,0,0.0,0.188,,,,,,,
2026-10-06 07:59:20,2.1,player-1,1,OK,latido al día,1,0.98,2,0,0.0,0.25,,,,,,,
2026-10-06 07:59:20,2.1,player-2,1,OK,latido al día,1,0.01,3,0,0.0,0.703,,,,,,,
2026-10-06 07:59:20,2.1,player-3,1,OK,latido al día,1,0.0,3,0,0.0,0.414,,,,,,,
2026-10-06 07:59:20,2.1,sim-spot,2,OK,latido al día,1,0.96,2,0,0.0,0.0,,,,,,,
2026-10-06 07:59:20,2.1,sim-pepper,2,OK,latido al día,1,0.97,2,0,0.0,0.0,,,,,,,
2026-10-06 07:59:20,2.1,sim-nao,2,OK,latido al día,1,0.94,2,0,0.0,0.0,,,,,,,
2026-10-06 07:59:20,2.1,router,3,CAIDO,nunca mandó latido y no responde al ping,,,,,,,,,,,,,
2026-10-06 07:59:22,4.1,track-server,1,OK,latido al día,1,0.95,4,0,0.0,0.165,,,,,,,
2026-10-06 07:59:22,4.1,player-1,1,OK,latido al día,1,0.98,4,0,0.0,0.47,,,,,,,
2026-10-06 07:59:22,4.1,player-2,1,OK,latido al día,1,0.01,5,0,0.0,0.68,,,,,,,
2026-10-06 07:59:22,4.1,player-3,1,OK,latido al día,1,0.0,5,0,0.0,0.614,,,,,,,
2026-10-06 07:59:22,4.1,sim-spot,2,OK,latido al día,1,0.96,4,0,0.0,0.0,,,,,,,
2026-10-06 07:59:22,4.1,sim-pepper,2,OK,latido al día,1,0.97,4,0,0.0,0.0,,,,,,,
2026-10-06 07:59:22,4.1,sim-nao,2,OK,latido al día,1,0.94,4,0,0.0,0.0,,,,,,,
2026-10-06 07:59:22,4.1,router,3,CAIDO,nunca mandó latido y no responde al ping,,,,,,,,,,,,,
2026-10-06 07:59:24,6.1,track-server,1,OK,latido al día,1,0.96,6,0,0.0,0.145,,,,,,,
2026-10-06 07:59:24,6.1,player-1,1,OK,latido al día,1,0.99,6,0,0.0,0.651,,,,,,,
2026-10-06 07:59:24,6.1,player-2,1,OK,latido al día,1,0.02,7,0,0.0,0.657,,,,,,,
2026-10-06 07:59:24,6.1,player-3,1,OK,latido al día,1,0.01,7,0,0.0,0.715,,,,,,,
2026-10-06 07:59:24,6.1,sim-spot,2,OK,latido al día,1,0.97,6,0,0.0,0.242,,,,,,,
2026-10-06 07:59:24,6.1,sim-pepper,2,OK,latido al día,1,0.98,6,0,0.0,0.0,,,,,,,
2026-10-06 07:59:24,6.1,sim-nao,2,OK,latido al día,1,0.95,6,0,0.0,0.062,,,,,,,
2026-10-06 07:59:24,6.1,router,3,CAIDO,nunca mandó latido y no responde al ping,,,,,,,,,,,,,
2026-10-06 07:59:26,8.1,track-server,1,OK,latido al día,1,0.96,8,0,0.0,0.127,,,,,,,
2026-10-06 07:59:26,8.1,player-1,1,OK,latido al día,1,0.99,8,0,0.0,0.572,,,,,,,
2026-10-06 07:59:26,8.1,player-2,1,OK,latido al día,1,0.02,9,0,0.0,0.64,,,,,,,
2026-10-06 07:59:26,8.1,player-3,1,OK,latido al día,1,0.02,9,0,0.0,0.75,,,,,,,
2026-10-06 07:59:26,8.1,sim-spot,2,OK,latido al día,1,0.97,8,0,0.0,0.334,,,,,,,
2026-10-06 07:59:26,8.1,sim-pepper,2,OK,latido al día,1,0.98,8,0,0.0,0.0,,,,,,,
2026-10-06 07:59:26,8.1,sim-nao,2,OK,latido al día,1,0.96,8,0,0.0,0.114,,,,,,,
2026-10-06 07:59:26,8.1,router,3,CAIDO,nunca mandó latido y no responde al ping,,,,,,,,,,,,,
2026-10-06 07:59:28,10.1,track-server,1,OK,latido al día,1,0.96,10,0,0.0,0.112,,,,,,,
2026-10-06 07:59:28,10.1,player-1,1,OK,latido al día,1,0.99,10,0,0.0,0.503,,,,,,,
2026-10-06 07:59:28,10.1,player-2,1,OK,latido al día,1,0.03,11,0,0.0,0.621,,,,,,,
2026-10-06 07:59:28,10.1,player-3,1,OK,latido al día,1,0.02,11,0,0.0,0.722,,,,,,,
2026-10-06 07:59:28,10.1,sim-spot,2,OK,latido al día,1,0.97,10,0,0.0,0.294,,,,,,,
2026-10-06 07:59:28,10.1,sim-pepper,2,OK,latido al día,1,0.98,10,0,0.0,0.0,,,,,,,
2026-10-06 07:59:28,10.1,sim-nao,2,OK,latido al día,1,0.95,10,0,0.0,0.1,,,,,,,
2026-10-06 07:59:28,10.1,router,3,CAIDO,nunca mandó latido y no responde al ping,,,,,,,,,,,,,
2026-10-06 07:59:30,12.1,track-server,1,OK,latido al día,1,0.97,12,0,0.0,0.098,,,,,,,
2026-10-06 07:59:30,12.1,player-1,1,OK,latido al día,1,1.0,12,0,0.0,1.29,,,,,,,
2026-10-06 07:59:30,12.1,player-2,1,OK,latido al día,1,0.03,13,0,0.0,0.546,,,,,,,
2026-10-06 07:59:30,12.1,player-3,1,OK,latido al día,1,0.02,13,0,0.0,0.697,,,,,,,
2026-10-06 07:59:30,12.1,sim-spot,2,OK,latido al día,1,0.98,12,0,0.0,0.258,,,,,,,
2026-10-06 07:59:30,12.1,sim-pepper,2,OK,latido al día,1,0.98,12,0,0.0,0.0,,,,,,,
2026-10-06 07:59:30,12.1,sim-nao,2,OK,latido al día,1,0.96,12,0,0.0,0.088,,,,,,,
2026-10-06 07:59:30,12.1,router,3,CAIDO,nunca mandó latido y no responde al ping,,,,,,,,,,,,,
2026-10-06 07:59:32,14.1,track-server,1,OK,latido al día,1,0.97,14,0,0.0,0.086,,,,,,,
2026-10-06 07:59:32,14.1,player-1,1,OK,latido al día,1,0.0,15,0,0.0,1.063,,,,,,,
2026-10-06 07:59:32,14.1,player-2,1,OK,latido al día,1,0.04,15,0,0.0,0.48,,,,,,,
2026-10-06 07:59:32,14.1,player-3,1,OK,latido al día,1,0.03,15,0,0.0,0.671,,,,,,,
2026-10-06 07:59:32,14.1,sim-spot,2,OK,latido al día,1,0.98,14,0,0.0,0.227,,,,,,,
2026-10-06 07:59:32,14.1,sim-pepper,2,OK,latido al día,1,0.99,14,0,0.0,0.0,,,,,,,
2026-10-06 07:59:32,14.1,sim-nao,2,OK,latido al día,1,0.96,14,0,0.0,0.14,,,,,,,
2026-10-06 07:59:32,14.1,router,3,CAIDO,nunca mandó latido y no responde al ping,,,,,,,,,,,,,
2026-10-06 07:59:34,16.1,track-server,1,OK,latido al día,1,0.98,16,0,0.0,0.076,,,,,,,
2026-10-06 07:59:34,16.1,player-1,1,OK,latido al día,1,0.0,17,0,0.0,0.934,,,,,,,
2026-10-06 07:59:34,16.1,player-2,1,OK,latido al día,1,0.04,17,0,0.0,0.421,,,,,,,
2026-10-06 07:59:34,16.1,player-3,1,OK,latido al día,1,0.03,17,0,0.0,0.59,,,,,,,
2026-10-06 07:59:34,16.1,sim-spot,2,OK,latido al día,1,0.98,16,0,0.0,0.199,,,,,,,
2026-10-06 07:59:34,16.1,sim-pepper,2,OK,latido al día,1,1.0,16,0,0.0,0.0,,,,,,,
2026-10-06 07:59:34,16.1,sim-nao,2,OK,latido al día,1,0.97,16,0,0.0,0.181,,,,,,,
2026-10-06 07:59:34,16.1,router,3,CAIDO,nunca mandó latido y no responde al ping,,,,,,,,,,,,,
2026-10-06 07:59:36,18.1,track-server,1,OK,latido al día,1,0.98,18,0,0.0,0.067,,,,,,,
2026-10-06 07:59:36,18.1,player-1,1,OK,latido al día,1,0.01,19,0,0.0,0.821,,,,,,,
2026-10-06 07:59:36,18.1,player-2,1,OK,latido al día,1,0.04,19,0,0.0,0.37,,,,,,,
2026-10-06 07:59:36,18.1,player-3,1,OK,latido al día,1,0.03,19,0,0.0,0.518,,,,,,,
2026-10-06 07:59:36,18.1,sim-spot,2,OK,latido al día,1,0.99,18,0,0.0,0.175,,,,,,,
2026-10-06 07:59:36,18.1,sim-pepper,2,OK,latido al día,1,1.0,18,0,0.0,0.0,,,,,,,
2026-10-06 07:59:36,18.1,sim-nao,2,OK,latido al día,1,0.97,18,0,0.0,0.159,,,,,,,
2026-10-06 07:59:36,18.1,router,3,CAIDO,nunca mandó latido y no responde al ping,,,,,,,,,,,,,
2026-10-06 07:59:38,20.1,track-server,1,OK,latido al día,1,0.98,20,0,0.0,0.059,,,,,,,
2026-10-06 07:59:38,20.1,player-1,1,OK,latido al día,1,0.01,21,0,0.0,0.722,,,,,,,
2026-10-06 07:59:38,20.1,player-2,1,OK,latido al día,1,0.04,21,0,0.0,0.326,,,,,,,
2026-10-06 07:59:38,20.1,player-3,1,OK,latido al día,1,0.04,21,0,0.0,0.455,,,,,,,
2026-10-06 07:59:38,20.1,sim-spot,2,OK,latido al día,1,0.99,20,0,0.0,0.154,,,,,,,
2026-10-06 07:59:38,20.1,sim-pepper,2,OK,latido al día,1,1.0,20,0,0.0,0.0,,,,,,,
2026-10-06 07:59:38,20.1,sim-nao,2,OK,latido al día,1,0.97,20,0,0.0,0.14,,,,,,,
2026-10-06 07:59:38,20.1,router,3,CAIDO,nunca mandó latido y no responde al ping,,,,,,,,,,,,,
2026-10-06 07:59:40,22.1,track-server,1,OK,latido al día,1,0.98,22,0,0.0,0.052,,,,,,,
2026-10-06 07:59:40,22.1,player-1,1,OK,latido al día,1,0.01,23,0,0.0,0.634,,,,,,,
2026-10-06 07:59:40,22.1,player-2,1,OK,latido al día,1,0.04,23,0,0.0,0.286,,,,,,,
2026-10-06 07:59:40,22.1,player-3,1,OK,latido al día,1,0.04,23,0,0.0,0.4,,,,,,,
2026-10-06 07:59:40,22.1,sim-spot,2,OK,latido al día,1,0.99,22,0,0.0,0.135,,,,,,,
2026-10-06 07:59:40,22.1,sim-pepper,2,OK,latido al día,1,0.0,23,0,0.0,0.848,,,,,,,
2026-10-06 07:59:40,22.1,sim-nao,2,OK,latido al día,1,0.98,22,0,0.0,0.123,,,,,,,
2026-10-06 07:59:40,22.1,router,3,CAIDO,nunca mandó latido y no responde al ping,,,,,,,,,,,,,
2026-10-06 07:59:42,24.1,track-server,1,OK,latido al día,1,0.98,24,0,0.0,0.045,,,,,,,
2026-10-06 07:59:42,24.1,player-1,1,OK,latido al día,1,0.01,25,0,0.0,0.557,,,,,,,
2026-10-06 07:59:42,24.1,player-2,1,OK,latido al día,1,0.04,25,0,0.0,0.252,,,,,,,
2026-10-06 07:59:42,24.1,player-3,1,OK,latido al día,1,0.04,25,0,0.0,0.352,,,,,,,
2026-10-06 07:59:42,24.1,sim-spot,2,OK,latido al día,1,0.99,24,0,0.0,0.119,,,,,,,
2026-10-06 07:59:42,24.1,sim-pepper,2,OK,latido al día,1,0.0,25,0,0.0,0.745,,,,,,,
2026-10-06 07:59:42,24.1,sim-nao,2,OK,latido al día,1,0.98,24,0,0.0,0.108,,,,,,,
2026-10-06 07:59:42,24.1,router,3,CAIDO,nunca mandó latido y no responde al ping,,,,,,,,,,,,,
2026-10-06 07:59:44,26.1,track-server,1,OK,latido al día,1,0.98,26,0,0.0,0.04,,,,,,,
2026-10-06 07:59:44,26.1,player-1,1,OK,latido al día,1,0.01,27,0,0.0,0.49,,,,,,,
2026-10-06 07:59:44,26.1,player-2,1,OK,latido al día,1,0.05,27,0,0.0,0.221,,,,,,,
2026-10-06 07:59:44,26.1,player-3,1,OK,latido al día,1,0.04,27,0,0.0,0.309,,,,,,,
2026-10-06 07:59:44,26.1,sim-spot,2,OK,latido al día,1,0.99,26,0,0.0,0.105,,,,,,,
2026-10-06 07:59:44,26.1,sim-pepper,2,OK,latido al día,1,0.0,27,0,0.0,0.655,,,,,,,
2026-10-06 07:59:44,26.1,sim-nao,2,OK,latido al día,1,0.98,26,0,0.0,0.095,,,,,,,
2026-10-06 07:59:44,26.1,router,3,CAIDO,nunca mandó latido y no responde al ping,,,,,,,,,,,,,
2026-10-06 07:59:46,28.1,track-server,1,OK,latido al día,1,0.99,28,0,0.0,0.035,,,,,,,
2026-10-06 07:59:46,28.1,player-1,1,OK,latido al día,1,0.02,29,0,0.0,0.431,,,,,,,
2026-10-06 07:59:46,28.1,player-2,1,OK,latido al día,1,0.05,29,0,0.0,0.194,,,,,,,
2026-10-06 07:59:46,28.1,player-3,1,OK,latido al día,1,0.04,29,0,0.0,0.272,,,,,,,
2026-10-06 07:59:46,28.1,sim-spot,2,OK,latido al día,1,1.0,28,0,0.0,0.092,,,,,,,
2026-10-06 07:59:46,28.1,sim-pepper,2,OK,latido al día,1,0.01,29,0,0.0,0.576,,,,,,,
2026-10-06 07:59:46,28.1,sim-nao,2,OK,latido al día,1,0.98,28,0,0.0,0.084,,,,,,,
2026-10-06 07:59:46,28.1,router,3,CAIDO,nunca mandó latido y no responde al ping,,,,,,,,,,,,,
2026-10-06 07:59:48,30.1,track-server,1,OK,latido al día,1,0.99,30,0,0.0,0.394,,,,,,,
2026-10-06 07:59:48,30.1,player-1,1,OK,latido al día,1,0.02,31,0,0.0,0.378,,,,,,,
2026-10-06 07:59:48,30.1,player-2,1,OK,latido al día,1,0.05,31,0,0.0,0.171,,,,,,,
2026-10-06 07:59:48,30.1,player-3,1,OK,latido al día,1,0.04,31,0,0.0,0.301,,,,,,,
2026-10-06 07:59:48,30.1,sim-spot,2,OK,latido al día,1,1.0,30,0,0.0,0.081,,,,,,,
2026-10-06 07:59:48,30.1,sim-pepper,2,OK,latido al día,1,0.01,31,0,0.0,0.506,,,,,,,
2026-10-06 07:59:48,30.1,sim-nao,2,OK,latido al día,1,0.98,30,0,0.0,0.073,,,,,,,
2026-10-06 07:59:48,30.1,router,3,CAIDO,nunca mandó latido y no responde al ping,,,,,,,,,,,,,
2026-10-06 07:59:50,32.1,track-server,1,OK,latido al día,1,1.0,32,0,0.0,0.346,,,,,,,
2026-10-06 07:59:50,32.1,player-1,1,OK,latido al día,1,0.02,33,0,0.0,0.333,,,,,,,
2026-10-06 07:59:50,32.1,player-2,1,OK,latido al día,1,0.05,33,0,0.0,0.15,,,,,,,
2026-10-06 07:59:50,32.1,player-3,1,OK,latido al día,1,0.05,33,0,0.0,0.323,,,,,,,
2026-10-06 07:59:50,32.1,sim-spot,2,OK,latido al día,1,0.01,33,0,0.0,0.18,,,,,,,
2026-10-06 07:59:50,32.1,sim-pepper,2,OK,latido al día,1,0.01,33,0,0.0,0.687,,,,,,,
2026-10-06 07:59:50,32.1,sim-nao,2,OK,latido al día,1,0.99,32,0,0.0,0.065,,,,,,,
2026-10-06 07:59:50,32.1,router,3,CAIDO,nunca mandó latido y no responde al ping,,,,,,,,,,,,,
2026-10-06 07:59:52,34.1,track-server,1,OK,latido al día,1,1.0,34,0,0.0,0.304,,,,,,,
2026-10-06 07:59:52,34.1,player-1,1,OK,latido al día,1,0.03,35,0,0.0,0.292,,,,,,,
2026-10-06 07:59:52,34.1,player-2,1,OK,latido al día,1,0.06,35,0,0.0,0.132,,,,,,,
2026-10-06 07:59:52,34.1,player-3,1,OK,latido al día,1,0.04,35,0,0.0,0.284,,,,,,,
2026-10-06 07:59:52,34.1,sim-spot,2,OK,latido al día,1,0.01,35,0,0.0,0.158,,,,,,,
2026-10-06 07:59:52,34.1,sim-pepper,2,OK,latido al día,1,0.02,35,0,0.0,0.604,,,,,,,
2026-10-06 07:59:52,34.1,sim-nao,2,OK,latido al día,1,0.99,34,0,0.0,0.057,,,,,,,
2026-10-06 07:59:52,34.1,router,3,CAIDO,nunca mandó latido y no responde al ping,,,,,,,,,,,,,
2026-10-06 07:59:54,36.1,track-server,1,OK,latido al día,1,1.0,36,0,0.0,0.268,,,,,,,
2026-10-06 07:59:54,36.1,player-1,1,OK,latido al día,1,0.03,37,0,0.0,0.257,,,,,,,
2026-10-06 07:59:54,36.1,player-2,1,OK,latido al día,1,0.06,37,0,0.0,0.116,,,,,,,
2026-10-06 07:59:54,36.1,player-3,1,OK,latido al día,1,0.05,37,0,0.0,0.25,,,,,,,
2026-10-06 07:59:54,36.1,sim-spot,2,OK,latido al día,1,0.01,37,0,0.0,0.139,,,,,,,
2026-10-06 07:59:54,36.1,sim-pepper,2,OK,latido al día,1,0.02,37,0,0.0,0.53,,,,,,,
2026-10-06 07:59:54,36.1,sim-nao,2,OK,latido al día,1,0.99,36,0,0.0,0.05,,,,,,,
2026-10-06 07:59:54,36.1,router,3,CAIDO,nunca mandó latido y no responde al ping,,,,,,,,,,,,,
2026-10-06 07:59:56,38.1,track-server,1,OK,latido al día,1,1.0,38,0,0.0,0.235,,,,,,,
2026-10-06 07:59:56,38.1,player-1,1,OK,latido al día,1,0.03,39,0,0.0,0.226,,,,,,,
2026-10-06 07:59:56,38.1,player-2,1,OK,latido al día,1,0.06,39,0,0.0,0.102,,,,,,,
2026-10-06 07:59:56,38.1,player-3,1,OK,latido al día,1,0.06,39,0,0.0,0.22,,,,,,,
2026-10-06 07:59:56,38.1,sim-spot,2,OK,latido al día,1,0.01,39,0,0.0,0.122,,,,,,,
2026-10-06 07:59:56,38.1,sim-pepper,2,OK,latido al día,1,0.02,39,0,0.0,0.466,,,,,,,
2026-10-06 07:59:56,38.1,sim-nao,2,OK,latido al día,1,0.99,38,0,0.0,0.044,,,,,,,
2026-10-06 07:59:56,38.1,router,3,CAIDO,nunca mandó latido y no responde al ping,,,,,,,,,,,,,
2026-10-06 07:59:58,40.1,track-server,1,OK,latido al día,1,0.0,41,0,0.0,0.194,,,,,,,
2026-10-06 07:59:58,40.1,player-1,1,OK,latido al día,1,0.03,41,0,0.0,0.198,,,,,,,
2026-10-06 07:59:58,40.1,player-2,1,OK,latido al día,1,0.06,41,0,0.0,0.09,,,,,,,
2026-10-06 07:59:58,40.1,player-3,1,OK,latido al día,1,0.06,41,0,0.0,0.193,,,,,,,
2026-10-06 07:59:58,40.1,sim-spot,2,OK,latido al día,1,0.01,41,0,0.0,0.107,,,,,,,
2026-10-06 07:59:58,40.1,sim-pepper,2,OK,latido al día,1,0.02,41,0,0.0,0.41,,,,,,,
2026-10-06 07:59:58,40.1,sim-nao,2,OK,latido al día,1,0.99,40,0,0.0,0.039,,,,,,,
2026-10-06 07:59:58,40.1,router,3,CAIDO,nunca mandó latido y no responde al ping,,,,,,,,,,,,,
2026-10-06 08:00:00,42.1,track-server,1,OK,latido al día,1,0.0,43,0,0.0,0.17,,,,,,,
2026-10-06 08:00:00,42.1,player-1,1,OK,latido al día,1,0.03,43,0,0.0,0.174,,,,,,,
2026-10-06 08:00:00,42.1,player-2,1,OK,latido al día,1,0.06,43,0,0.0,0.079,,,,,,,
2026-10-06 08:00:00,42.1,player-3,1,OK,latido al día,1,0.06,43,0,0.0,0.17,,,,,,,
2026-10-06 08:00:00,42.1,sim-spot,2,OK,latido al día,1,0.01,43,0,0.0,0.094,,,,,,,
2026-10-06 08:00:00,42.1,sim-pepper,2,OK,latido al día,1,0.02,43,0,0.0,0.36,,,,,,,
2026-10-06 08:00:00,42.1,sim-nao,2,OK,latido al día,1,1.0,42,0,0.0,0.034,,,,,,,
2026-10-06 08:00:00,42.1,router,3,CAIDO,nunca mandó latido y no responde al ping,,,,,,,,,,,,,
2026-10-06 08:00:02,44.2,track-server,1,OK,latido al día,1,0.0,45,0,0.0,0.15,,,,,,,
2026-10-06 08:00:02,44.2,player-1,1,OK,latido al día,1,0.04,45,0,0.0,0.153,,,,,,,
2026-10-06 08:00:02,44.2,player-2,1,OK,latido al día,1,0.07,45,0,0.0,0.069,,,,,,,
2026-10-06 08:00:02,44.2,player-3,1,OK,latido al día,1,0.07,45,0,0.0,0.149,,,,,,,
2026-10-06 08:00:02,44.2,sim-spot,2,OK,latido al día,1,0.01,45,0,0.0,0.145,,,,,,,
2026-10-06 08:00:02,44.2,sim-pepper,2,OK,latido al día,1,0.03,45,0,0.0,0.317,,,,,,,
2026-10-06 08:00:02,44.2,sim-nao,2,OK,latido al día,1,0.0,45,0,0.0,0.028,,,,,,,
2026-10-06 08:00:02,44.2,router,3,CAIDO,nunca mandó latido y no responde al ping,,,,,,,,,,,,,
2026-10-06 08:00:04,46.2,track-server,1,OK,latido al día,1,0.01,47,0,0.0,0.132,,,,,,,
2026-10-06 08:00:04,46.2,player-1,1,OK,latido al día,1,0.04,47,0,0.0,0.135,,,,,,,
2026-10-06 08:00:04,46.2,player-2,1,OK,latido al día,1,0.07,47,0,0.0,0.061,,,,,,,
2026-10-06 08:00:04,46.2,player-3,1,OK,latido al día,1,0.06,47,0,0.0,0.194,,,,,,,
2026-10-06 08:00:04,46.2,sim-spot,2,OK,latido al día,1,0.02,47,0,0.0,0.249,,,,,,,
2026-10-06 08:00:04,46.2,sim-pepper,2,OK,latido al día,1,0.02,47,0,0.0,0.278,,,,,,,
2026-10-06 08:00:04,46.2,sim-nao,2,OK,latido al día,1,0.0,47,0,0.0,0.025,,,,,,,
2026-10-06 08:00:04,46.2,router,3,CAIDO,nunca mandó latido y no responde al ping,,,,,,,,,,,,,
2026-10-06 08:00:06,48.2,track-server,1,OK,latido al día,1,0.01,49,0,0.0,0.116,,,,,,,
2026-10-06 08:00:06,48.2,player-1,1,OK,latido al día,1,0.04,49,0,0.0,0.243,,,,,,,
2026-10-06 08:00:06,48.2,player-2,1,OK,latido al día,1,0.08,49,0,0.0,0.053,,,,,,,
2026-10-06 08:00:06,48.2,player-3,1,OK,latido al día,1,0.07,49,0,0.0,0.229,,,,,,,
2026-10-06 08:00:06,48.2,sim-spot,2,OK,latido al día,1,0.03,49,0,0.0,0.277,,,,,,,
2026-10-06 08:00:06,48.2,sim-pepper,2,OK,latido al día,1,0.04,49,0,0.0,0.245,,,,,,,
2026-10-06 08:00:06,48.2,sim-nao,2,OK,latido al día,1,0.01,49,0,0.0,0.143,,,,,,,
2026-10-06 08:00:06,48.2,router,3,CAIDO,nunca mandó latido y no responde al ping,,,,,,,,,,,,,
2026-10-06 08:00:08,50.2,track-server,1,OK,latido al día,1,0.02,51,0,0.0,0.102,,,,,,,
2026-10-06 08:00:08,50.2,player-1,1,OK,latido al día,1,0.05,51,0,0.0,0.519,,,,,,,
2026-10-06 08:00:08,50.2,player-2,1,OK,latido al día,1,0.08,51,0,0.0,0.047,,,,,,,
2026-10-06 08:00:08,50.2,player-3,1,OK,latido al día,1,0.08,51,0,0.0,0.326,,,,,,,
2026-10-06 08:00:08,50.2,sim-spot,2,OK,latido al día,1,0.03,51,0,0.0,0.244,,,,,,,
2026-10-06 08:00:08,50.2,sim-pepper,2,OK,latido al día,1,0.04,51,0,0.0,0.465,,,,,,,
2026-10-06 08:00:08,50.2,sim-nao,2,OK,latido al día,1,0.02,51,0,0.0,0.125,,,,,,,
2026-10-06 08:00:08,50.2,router,3,CAIDO,nunca mandó latido y no responde al ping,,,,,,,,,,,,,
2026-10-06 08:00:10,52.2,track-server,1,OK,latido al día,1,0.03,53,0,0.0,0.089,,,,,,,
2026-10-06 08:00:10,52.2,player-1,1,OK,latido al día,1,0.06,53,0,0.0,0.636,,,,,,,
2026-10-06 08:00:10,52.2,player-2,1,OK,latido al día,1,0.09,53,0,0.0,0.291,,,,,,,
2026-10-06 08:00:10,52.2,player-3,1,OK,latido al día,1,0.09,53,0,0.0,0.404,,,,,,,
2026-10-06 08:00:10,52.2,sim-spot,2,OK,latido al día,1,0.04,53,0,0.0,0.214,,,,,,,
2026-10-06 08:00:10,52.2,sim-pepper,2,OK,latido al día,1,0.05,53,0,0.0,0.643,,,,,,,
2026-10-06 08:00:10,52.2,sim-nao,2,OK,latido al día,1,0.02,53,0,0.0,0.11,,,,,,,
2026-10-06 08:00:10,52.2,router,3,CAIDO,nunca mandó latido y no responde al ping,,,,,,,,,,,,,
2026-10-06 08:00:12,54.2,track-server,1,OK,latido al día,1,0.03,55,0,0.0,0.078,,,,,,,
2026-10-06 08:00:12,54.2,player-1,1,OK,latido al día,1,0.06,55,0,0.0,0.676,,,,,,,
2026-10-06 08:00:12,54.2,player-2,1,OK,latido al día,1,0.09,55,0,0.0,0.506,,,,,,,
2026-10-06 08:00:12,54.2,player-3,1,OK,latido al día,1,0.09,55,0,0.0,0.355,,,,,,,
2026-10-06 08:00:12,54.2,sim-spot,2,OK,latido al día,1,0.04,55,0,0.0,0.188,,,,,,,
2026-10-06 08:00:12,54.2,sim-pepper,2,OK,latido al día,1,0.05,55,0,0.0,0.565,,,,,,,
2026-10-06 08:00:12,54.2,sim-nao,2,OK,latido al día,1,0.03,55,0,0.0,0.097,,,,,,,
2026-10-06 08:00:12,54.2,router,3,CAIDO,nunca mandó latido y no responde al ping,,,,,,,,,,,,,
2026-10-06 08:00:14,56.2,track-server,1,OK,latido al día,1,0.03,57,0,0.0,0.069,,,,,,,
2026-10-06 08:00:14,56.2,player-1,1,OK,latido al día,1,0.06,57,0,0.0,0.594,,,,,,,
2026-10-06 08:00:14,56.2,player-2,1,OK,latido al día,1,0.09,57,0,0.0,0.445,,,,,,,
2026-10-06 08:00:14,56.2,player-3,1,OK,latido al día,1,0.09,57,0,0.0,0.312,,,,,,,
2026-10-06 08:00:14,56.2,sim-spot,2,OK,latido al día,1,0.04,57,0,0.0,0.166,,,,,,,
2026-10-06 08:00:14,56.2,sim-pepper,2,OK,latido al día,1,0.05,57,0,0.0,0.497,,,,,,,
2026-10-06 08:00:14,56.2,sim-nao,2,OK,latido al día,1,0.02,57,0,0.0,0.085,,,,,,,
2026-10-06 08:00:14,56.2,router,3,CAIDO,nunca mandó latido y no responde al ping,,,,,,,,,,,,,
2026-10-06 08:00:16,58.2,track-server,1,OK,latido al día,1,0.03,59,0,0.0,0.061,,,,,,,
2026-10-06 08:00:16,58.2,player-1,1,OK,latido al día,1,0.06,59,0,0.0,0.522,,,,,,,
2026-10-06 08:00:16,58.2,player-2,1,OK,latido al día,1,0.1,59,0,0.0,0.391,,,,,,,
2026-10-06 08:00:16,58.2,player-3,1,OK,latido al día,1,0.09,59,0,0.0,0.274,,,,,,,
2026-10-06 08:00:16,58.2,sim-spot,2,OK,latido al día,1,0.04,59,0,0.0,0.145,,,,,,,
2026-10-06 08:00:16,58.2,sim-pepper,2,OK,latido al día,1,0.05,59,0,0.0,0.437,,,,,,,
2026-10-06 08:00:16,58.2,sim-nao,2,OK,latido al día,1,0.03,59,0,0.0,0.075,,,,,,,
2026-10-06 08:00:16,58.2,router,3,CAIDO,nunca mandó latido y no responde al ping,,,,,,,,,,,,,
2026-10-06 08:00:18,60.2,track-server,1,OK,latido al día,1,0.03,61,0,0.0,0.053,,,,,,,
2026-10-06 08:00:18,60.2,player-1,1,OK,latido al día,1,0.06,61,0,0.0,0.459,,,,,,,
2026-10-06 08:00:18,60.2,player-2,1,OK,latido al día,1,0.1,61,0,0.0,0.344,,,,,,,
2026-10-06 08:00:18,60.2,player-3,1,OK,latido al día,1,0.09,61,0,0.0,0.362,,,,,,,
2026-10-06 08:00:18,60.2,sim-spot,2,OK,latido al día,1,0.04,61,0,0.0,0.249,,,,,,,
2026-10-06 08:00:18,60.2,sim-pepper,2,OK,latido al día,1,0.05,61,0,0.0,0.384,,,,,,,
2026-10-06 08:00:18,60.2,sim-nao,2,OK,latido al día,1,0.03,61,0,0.0,0.066,,,,,,,
2026-10-06 08:00:18,60.2,router,3,CAIDO,nunca mandó latido y no responde al ping,,,,,,,,,,,,,
2026-10-06 08:00:20,62.2,track-server,1,OK,latido al día,1,0.04,63,0,0.0,0.289,,,,,,,
2026-10-06 08:00:20,62.2,player-1,1,OK,latido al día,1,0.05,63,0,0.0,0.403,,,,,,,
2026-10-06 08:00:20,62.2,player-2,1,OK,latido al día,1,0.1,63,0,0.0,0.302,,,,,,,
2026-10-06 08:00:20,62.2,player-3,1,OK,latido al día,1,0.09,63,0,0.0,0.318,,,,,,,
2026-10-06 08:00:20,62.2,sim-spot,2,OK,latido al día,1,0.05,63,0,0.0,0.219,,,,,,,
2026-10-06 08:00:20,62.2,sim-pepper,2,OK,latido al día,1,0.06,63,0,0.0,0.337,,,,,,,
2026-10-06 08:00:20,62.2,sim-nao,2,OK,latido al día,1,0.03,63,0,0.0,0.058,,,,,,,
2026-10-06 08:00:20,62.2,router,3,CAIDO,nunca mandó latido y no responde al ping,,,,,,,,,,,,,
2026-10-06 08:00:22,64.2,track-server,1,OK,latido al día,1,0.04,65,0,0.0,0.254,,,,,,,
2026-10-06 08:00:22,64.2,player-1,1,OK,latido al día,1,0.07,65,0,0.0,0.417,,,,,,,
2026-10-06 08:00:22,64.2,player-2,1,OK,latido al día,1,0.1,65,0,0.0,0.265,,,,,,,
2026-10-06 08:00:22,64.2,player-3,1,OK,latido al día,1,0.1,65,0,0.0,0.28,,,,,,,
2026-10-06 08:00:22,64.2,sim-spot,2,OK,latido al día,1,0.05,65,0,0.0,0.192,,,,,,,
2026-10-06 08:00:22,64.2,sim-pepper,2,OK,latido al día,1,0.06,65,0,0.0,0.296,,,,,,,
2026-10-06 08:00:22,64.2,sim-nao,2,OK,latido al día,1,0.03,65,0,0.0,0.051,,,,,,,
2026-10-06 08:00:22,64.2,router,3,CAIDO,nunca mandó latido y no responde al ping,,,,,,,,,,,,,
2026-10-06 08:00:24,66.2,track-server,1,OK,latido al día,1,0.04,67,0,0.0,0.223,,,,,,,
2026-10-06 08:00:24,66.2,player-1,1,OK,latido al día,1,0.07,67,0,0.0,0.425,,,,,,,
2026-10-06 08:00:24,66.2,player-2,1,OK,latido al día,1,0.1,67,0,0.0,0.233,,,,,,,
2026-10-06 08:00:24,66.2,player-3,1,OK,latido al día,1,0.1,67,0,0.0,0.246,,,,,,,
2026-10-06 08:00:24,66.2,sim-spot,2,OK,latido al día,1,0.05,67,0,0.0,0.169,,,,,,,
2026-10-06 08:00:24,66.2,sim-pepper,2,OK,latido al día,1,0.06,67,0,0.0,0.26,,,,,,,
2026-10-06 08:00:24,66.2,sim-nao,2,OK,latido al día,1,0.03,67,0,0.0,0.107,,,,,,,
2026-10-06 08:00:24,66.2,router,3,CAIDO,nunca mandó latido y no responde al ping,,,,,,,,,,,,,
2026-10-06 08:00:26,68.2,track-server,1,OK,latido al día,1,0.04,69,0,0.0,0.196,,,,,,,
2026-10-06 08:00:26,68.2,player-1,1,OK,latido al día,1,0.07,69,0,0.0,0.374,,,,,,,
2026-10-06 08:00:26,68.2,player-2,1,OK,latido al día,1,0.11,69,0,0.0,0.205,,,,,,,
2026-10-06 08:00:26,68.2,player-3,1,OK,latido al día,1,0.1,69,0,0.0,0.279,,,,,,,
2026-10-06 08:00:26,68.2,sim-spot,2,OK,latido al día,1,0.05,69,0,0.0,0.149,,,,,,,
2026-10-06 08:00:26,68.2,sim-pepper,2,OK,latido al día,1,0.06,69,0,0.0,0.229,,,,,,,
2026-10-06 08:00:26,68.2,sim-nao,2,OK,latido al día,1,0.04,69,0,0.0,0.153,,,,,,,
2026-10-06 08:00:26,68.2,router,3,CAIDO,nunca mandó latido y no responde al ping,,,,,,,,,,,,,
2026-10-06 08:00:28,70.2,track-server,1,OK,latido al día,1,0.05,71,0,0.0,0.172,,,,,,,
2026-10-06 08:00:28,70.2,player-1,1,OK,latido al día,1,0.08,71,0,0.0,0.813,,,,,,,
2026-10-06 08:00:28,70.2,player-2,1,OK,latido al día,1,0.11,71,0,0.0,0.18,,,,,,,
2026-10-06 08:00:28,70.2,player-3,1,OK,latido al día,1,0.1,71,0,0.0,0.366,,,,,,,
2026-10-06 08:00:28,70.2,sim-spot,2,OK,latido al día,1,0.05,71,0,0.0,0.131,,,,,,,
2026-10-06 08:00:28,70.2,sim-pepper,2,OK,latido al día,1,0.07,71,0,0.0,0.201,,,,,,,
2026-10-06 08:00:28,70.2,sim-nao,2,OK,latido al día,1,0.04,71,0,0.0,0.255,,,,,,,
2026-10-06 08:00:28,70.2,router,3,CAIDO,nunca mandó latido y no responde al ping,,,,,,,,,,,,,
2026-10-06 08:00:30,72.2,track-server,1,OK,latido al día,1,0.05,73,0,0.0,0.152,,,,,,,
2026-10-06 08:00:30,72.2,player-1,1,OK,latido al día,1,0.08,73,0,0.0,0.964,,,,,,,
2026-10-06 08:00:30,72.2,player-2,1,OK,latido al día,1,0.11,73,0,0.0,0.158,,,,,,,
2026-10-06 08:00:30,72.2,player-3,1,OK,latido al día,1,0.1,73,0,0.0,0.38,,,,,,,
2026-10-06 08:00:30,72.2,sim-spot,2,OK,latido al día,1,0.06,73,0,0.0,0.115,,,,,,,
2026-10-06 08:00:30,72.2,sim-pepper,2,OK,latido al día,1,0.07,73,0,0.0,0.177,,,,,,,
2026-10-06 08:00:30,72.2,sim-nao,2,OK,latido al día,1,0.04,73,0,0.0,0.224,,,,,,,
2026-10-06 08:00:30,72.2,router,3,CAIDO,nunca mandó latido y no responde al ping,,,,,,,,,,,,,
2026-10-06 08:00:32,74.2,track-server,1,OK,latido al día,1,0.05,75,0,0.0,0.133,,,,,,,
2026-10-06 08:00:32,74.2,player-1,1,OK,latido al día,1,0.08,75,0,0.0,1.273,,,,,,,
2026-10-06 08:00:32,74.2,player-2,1,OK,latido al día,1,0.11,75,0,0.0,0.139,,,,,,,
2026-10-06 08:00:32,74.2,player-3,1,OK,latido al día,1,0.11,75,0,0.0,0.334,,,,,,,
2026-10-06 08:00:32,74.2,sim-spot,2,OK,latido al día,1,0.06,75,0,0.0,0.101,,,,,,,
2026-10-06 08:00:32,74.2,sim-pepper,2,OK,latido al día,1,0.07,75,0,0.0,0.155,,,,,,,
2026-10-06 08:00:32,74.2,sim-nao,2,OK,latido al día,1,0.04,75,0,0.0,0.568,,,,,,,
2026-10-06 08:00:32,74.2,router,3,CAIDO,nunca mandó latido y no responde al ping,,,,,,,,,,,,,
2026-10-06 08:00:34,76.2,track-server,1,OK,latido al día,1,0.05,77,0,0.0,0.117,,,,,,,
2026-10-06 08:00:34,76.2,player-1,1,OK,latido al día,1,0.08,77,0,0.0,1.412,,,,,,,
2026-10-06 08:00:34,76.2,player-2,1,OK,latido al día,1,0.12,77,0,0.0,0.122,,,,,,,
2026-10-06 08:00:34,76.2,player-3,1,OK,latido al día,1,0.11,77,0,0.0,0.294,,,,,,,
2026-10-06 08:00:34,76.2,sim-spot,2,OK,latido al día,1,0.06,77,0,0.0,0.089,,,,,,,
2026-10-06 08:00:34,76.2,sim-pepper,2,OK,latido al día,1,0.07,77,0,0.0,0.137,,,,,,,
2026-10-06 08:00:34,76.2,sim-nao,2,OK,latido al día,1,0.05,77,0,0.0,0.855,,,,,,,
2026-10-06 08:00:34,76.2,router,3,CAIDO,nunca mandó latido y no responde al ping,,,,,,,,,,,,,
2026-10-06 08:00:36,78.2,track-server,1,OK,latido al día,1,0.06,79,0,0.0,0.103,,,,,,,
2026-10-06 08:00:36,78.2,player-1,1,OK,latido al día,1,0.08,79,0,0.0,1.491,,,,,,,
2026-10-06 08:00:36,78.2,player-2,1,OK,latido al día,1,0.12,79,0,0.0,0.108,,,,,,,
2026-10-06 08:00:36,78.2,player-3,1,OK,latido al día,1,0.11,79,0,0.0,0.258,,,,,,,
2026-10-06 08:00:36,78.2,sim-spot,2,OK,latido al día,1,0.07,79,0,0.0,0.078,,,,,,,
2026-10-06 08:00:36,78.2,sim-pepper,2,OK,latido al día,1,0.08,79,0,0.0,0.12,,,,,,,
2026-10-06 08:00:36,78.2,sim-nao,2,OK,latido al día,1,0.05,79,0,0.0,0.751,,,,,,,
2026-10-06 08:00:36,78.2,router,3,CAIDO,nunca mandó latido y no responde al ping,,,,,,,,,,,,,
2026-10-06 08:00:38,80.2,track-server,1,OK,latido al día,1,0.06,81,0,0.0,0.09,,,,,,,
2026-10-06 08:00:38,80.2,player-1,1,OK,latido al día,1,0.09,81,0,0.0,1.545,,,,,,,
2026-10-06 08:00:38,80.2,player-2,1,OK,latido al día,1,0.12,81,0,0.0,0.094,,,,,,,
2026-10-06 08:00:38,80.2,player-3,1,OK,latido al día,1,0.11,81,0,0.0,0.227,,,,,,,
2026-10-06 08:00:38,80.2,sim-spot,2,OK,latido al día,1,0.07,81,0,0.0,0.068,,,,,,,
2026-10-06 08:00:38,80.2,sim-pepper,2,OK,latido al día,1,0.08,81,0,0.0,0.106,,,,,,,
2026-10-06 08:00:38,80.2,sim-nao,2,OK,latido al día,1,0.05,81,0,0.0,0.66,,,,,,,
2026-10-06 08:00:38,80.2,router,3,CAIDO,nunca mandó latido y no responde al ping,,,,,,,,,,,,,
2026-10-06 08:00:40,82.2,track-server,1,OK,latido al día,1,0.06,83,0,0.0,0.079,,,,,,,
2026-10-06 08:00:40,82.2,player-1,1,OK,latido al día,1,0.09,83,0,0.0,1.358,,,,,,,
2026-10-06 08:00:40,82.2,player-2,1,OK,latido al día,1,0.12,83,0,0.0,0.083,,,,,,,
2026-10-06 08:00:40,82.2,player-3,1,OK,latido al día,1,0.12,83,0,0.0,0.199,,,,,,,
2026-10-06 08:00:40,82.2,sim-spot,2,OK,latido al día,1,0.07,83,0,0.0,0.06,,,,,,,
2026-10-06 08:00:40,82.2,sim-pepper,2,OK,latido al día,1,0.08,83,0,0.0,0.093,,,,,,,
2026-10-06 08:00:40,82.2,sim-nao,2,OK,latido al día,1,0.05,83,0,0.0,0.58,,,,,,,
2026-10-06 08:00:40,82.2,router,3,CAIDO,nunca mandó latido y no responde al ping,,,,,,,,,,,,,
2026-10-06 08:00:42,84.2,track-server,1,OK,latido al día,1,0.06,85,0,0.0,0.07,,,,,,,
2026-10-06 08:00:42,84.2,player-1,1,OK,latido al día,1,0.09,85,0,0.0,1.428,,,,,,,
2026-10-06 08:00:42,84.2,player-2,1,OK,latido al día,1,0.12,85,0,0.0,0.073,,,,,,,
2026-10-06 08:00:42,84.2,player-3,1,OK,latido al día,1,0.12,85,0,0.0,0.175,,,,,,,
2026-10-06 08:00:42,84.2,sim-spot,2,OK,latido al día,1,0.07,85,0,0.0,0.178,,,,,,,
2026-10-06 08:00:42,84.2,sim-pepper,2,OK,latido al día,1,0.08,85,0,0.0,0.082,,,,,,,
2026-10-06 08:00:42,84.2,sim-nao,2,OK,latido al día,1,0.05,85,0,0.0,0.51,,,,,,,
2026-10-06 08:00:42,84.2,router,3,CAIDO,nunca mandó latido y no responde al ping,,,,,,,,,,,,,
2026-10-06 08:00:44,86.2,track-server,1,OK,latido al día,1,0.07,87,0,0.0,0.061,,,,,,,
2026-10-06 08:00:44,86.2,player-1,1,OK,latido al día,1,0.1,87,0,0.0,1.677,,,,,,,
2026-10-06 08:00:44,86.2,player-2,1,OK,latido al día,1,0.13,87,0,0.0,0.064,,,,,,,
2026-10-06 08:00:44,86.2,player-3,1,OK,latido al día,1,0.13,87,0,0.0,0.154,,,,,,,
2026-10-06 08:00:44,86.2,sim-spot,2,OK,latido al día,1,0.08,87,0,0.0,0.277,,,,,,,
2026-10-06 08:00:44,86.2,sim-pepper,2,OK,latido al día,1,0.09,87,0,0.0,0.072,,,,,,,
2026-10-06 08:00:44,86.2,sim-nao,2,OK,latido al día,1,0.06,87,0,0.0,0.636,,,,,,,
2026-10-06 08:00:44,86.2,router,3,CAIDO,nunca mandó latido y no responde al ping,,,,,,,,,,,,,
2026-10-06 08:00:46,88.2,track-server,1,OK,latido al día,1,0.07,89,0,0.0,0.054,,,,,,,
2026-10-06 08:00:46,88.2,player-1,1,OK,latido al día,1,0.1,89,0,0.0,1.649,,,,,,,
2026-10-06 08:00:46,88.2,player-2,1,OK,latido al día,1,0.14,89,0,0.0,0.177,,,,,,,
2026-10-06 08:00:46,88.2,player-3,1,OK,latido al día,1,0.13,89,0,0.0,0.135,,,,,,,
2026-10-06 08:00:46,88.2,sim-spot,2,OK,latido al día,1,0.07,89,0,0.0,1.244,,,,,,,
2026-10-06 08:00:46,88.2,sim-pepper,2,OK,latido al día,1,0.09,89,0,0.0,0.063,,,,,,,
2026-10-06 08:00:46,88.2,sim-nao,2,OK,latido al día,1,0.07,89,0,0.0,0.735,,,,,,,
2026-10-06 08:00:46,88.2,router,3,CAIDO,nunca mandó latido y no responde al ping,,,,,,,,,,,,,
2026-10-06 08:00:48,90.2,track-server,1,OK,latido al día,1,0.08,91,0,0.0,0.29,,,,,,,
2026-10-06 08:00:48,90.2,player-1,1,OK,latido al día,1,0.11,91,0,0.0,1.45,,,,,,,
2026-10-06 08:00:48,90.2,player-2,1,OK,latido al día,1,0.14,91,0,0.0,0.156,,,,,,,
2026-10-06 08:00:48,90.2,player-3,1,OK,latido al día,1,0.13,91,0,0.0,0.119,,,,,,,
2026-10-06 08:00:48,90.2,sim-spot,2,OK,latido al día,1,0.09,91,0,0.0,2.031,,,,,,,
2026-10-06 08:00:48,90.2,sim-pepper,2,OK,latido al día,1,0.1,91,0,0.0,0.055,,,,,,,
2026-10-06 08:00:48,90.2,sim-nao,2,OK,latido al día,1,0.07,91,0,0.0,1.493,,,,,,,
2026-10-06 08:00:48,90.2,router,3,CAIDO,nunca mandó latido y no responde al ping,,,,,,,,,,,,,
2026-10-06 08:00:50,92.2,track-server,1,OK,latido al día,1,0.08,93,0,0.0,0.255,,,,,,,
2026-10-06 08:00:50,92.2,player-1,1,OK,latido al día,1,0.11,93,0,0.0,1.274,,,,,,,
2026-10-06 08:00:50,92.2,player-2,1,OK,latido al día,1,0.14,93,0,0.0,0.137,,,,,,,
2026-10-06 08:00:50,92.2,player-3,1,OK,latido al día,1,0.14,93,0,0.0,0.105,,,,,,,
2026-10-06 08:00:50,92.2,sim-spot,2,OK,latido al día,1,0.09,93,0,0.0,1.785,,,,,,,
2026-10-06 08:00:50,92.2,sim-pepper,2,OK,latido al día,1,0.1,93,0,0.0,0.049,,,,,,,
2026-10-06 08:00:50,92.2,sim-nao,2,OK,latido al día,1,0.07,93,0,0.0,1.313,,,,,,,
2026-10-06 08:00:50,92.2,router,3,CAIDO,nunca mandó latido y no responde al ping,,,,,,,,,,,,,
2026-10-06 08:00:52,94.3,track-server,1,OK,latido al día,1,0.14,95,0,0.0,0.224,,,,,,,
2026-10-06 08:00:52,94.3,player-1,1,OK,latido al día,1,0.17,95,0,0.0,1.12,,,,,,,
2026-10-06 08:00:52,94.3,player-2,1,OK,latido al día,1,0.21,95,0,0.0,0.12,,,,,,,
2026-10-06 08:00:52,94.3,player-3,1,OK,latido al día,1,0.2,95,0,0.0,0.154,,,,,,,
2026-10-06 08:00:52,94.3,sim-spot,2,OK,latido al día,1,0.15,95,0,0.0,1.569,,,,,,,
2026-10-06 08:00:52,94.3,sim-pepper,2,OK,latido al día,1,0.16,95,0,0.0,0.043,,,,,,,
2026-10-06 08:00:52,94.3,sim-nao,2,OK,latido al día,1,0.14,95,0,0.0,1.154,,,,,,,
2026-10-06 08:00:52,94.3,router,3,CAIDO,nunca mandó latido y no responde al ping,,,,,,,,,,,,,
2026-10-06 08:00:54,96.3,track-server,1,OK,latido al día,1,0.15,97,0,0.0,0.197,,,,,,,
2026-10-06 08:00:54,96.3,player-1,1,OK,latido al día,1,0.18,97,0,0.0,1.105,,,,,,,
2026-10-06 08:00:54,96.3,player-2,1,OK,latido al día,1,0.21,97,0,0.0,0.106,,,,,,,
2026-10-06 08:00:54,96.3,player-3,1,OK,latido al día,1,0.2,97,0,0.0,0.194,,,,,,,
2026-10-06 08:00:54,96.3,sim-spot,2,OK,latido al día,1,0.16,97,0,0.0,1.379,,,,,,,
2026-10-06 08:00:54,96.3,sim-pepper,2,OK,latido al día,1,0.17,97,0,0.0,0.038,,,,,,,
2026-10-06 08:00:54,96.3,sim-nao,2,OK,latido al día,1,0.14,97,0,0.0,1.014,,,,,,,
2026-10-06 08:00:54,96.3,router,3,CAIDO,nunca mandó latido y no responde al ping,,,,,,,,,,,,,
2026-10-06 08:00:56,98.3,track-server,1,OK,latido al día,1,0.15,99,0,0.0,0.173,,,,,,,
2026-10-06 08:00:56,98.3,player-1,1,OK,latido al día,1,0.18,99,0,0.0,0.972,,,,,,,
2026-10-06 08:00:56,98.3,player-2,1,OK,latido al día,1,0.21,99,0,0.0,0.093,,,,,,,
2026-10-06 08:00:56,98.3,player-3,1,OK,latido al día,1,0.2,99,0,0.0,0.233,,,,,,,
2026-10-06 08:00:56,98.3,sim-spot,2,OK,latido al día,1,0.16,99,0,0.0,1.212,,,,,,,
2026-10-06 08:00:56,98.3,sim-pepper,2,CAIDO,vivo=0 por MQTT (se despidió o saltó su LWT),0,1.17,98,0,0.0,0.035,,,,,,,
2026-10-06 08:00:56,98.3,sim-nao,2,OK,latido al día,1,0.14,99,0,0.0,0.891,,,,,,,
2026-10-06 08:00:56,98.3,router,3,CAIDO,nunca mandó latido y no responde al ping,,,,,,,,,,,,,
2026-10-06 08:00:58,100.3,track-server,1,OK,latido al día,1,0.15,101,0,0.0,0.152,,,,,,,
2026-10-06 08:00:58,100.3,player-1,1,OK,latido al día,1,0.18,101,0,0.0,0.854,,,,,,,
2026-10-06 08:00:58,100.3,player-2,1,OK,latido al día,1,0.21,101,0,0.0,0.082,,,,,,,
2026-10-06 08:00:58,100.3,player-3,1,OK,latido al día,1,0.21,101,0,0.0,0.264,,,,,,,
2026-10-06 08:00:58,100.3,sim-spot,2,OK,latido al día,1,0.16,101,0,0.0,1.065,,,,,,,
2026-10-06 08:00:58,100.3,sim-pepper,2,CAIDO,vivo=0 por MQTT (se despidió o saltó su LWT),0,3.17,98,0,0.0,0.035,,,,,,,
2026-10-06 08:00:58,100.3,sim-nao,2,OK,latido al día,1,0.14,101,0,0.0,0.783,,,,,,,
2026-10-06 08:00:58,100.3,router,3,CAIDO,nunca mandó latido y no responde al ping,,,,,,,,,,,,,
2026-10-06 08:01:00,102.3,track-server,1,OK,latido al día,1,0.15,103,0,0.0,0.134,,,,,,,
2026-10-06 08:01:00,102.3,player-1,1,OK,latido al día,1,0.18,103,0,0.0,0.75,,,,,,,
2026-10-06 08:01:00,102.3,player-2,1,OK,latido al día,1,0.21,103,0,0.0,0.193,,,,,,,
2026-10-06 08:01:00,102.3,player-3,1,OK,latido al día,1,0.21,103,0,0.0,0.232,,,,,,,
2026-10-06 08:01:00,102.3,sim-spot,2,OK,latido al día,1,0.16,103,0,0.0,0.936,,,,,,,
2026-10-06 08:01:00,102.3,sim-pepper,2,OK,latido al día,1,0.82,99,0,0.0,0.0,,,,,,,
2026-10-06 08:01:00,102.3,sim-nao,2,OK,latido al día,1,0.15,103,0,0.0,0.688,,,,,,,
2026-10-06 08:01:00,102.3,router,3,CAIDO,nunca mandó latido y no responde al ping,,,,,,,,,,,,,
2026-10-06 08:01:02,104.3,track-server,1,OK,latido al día,1,0.15,105,0,0.0,0.117,,,,,,,
2026-10-06 08:01:02,104.3,player-1,1,OK,latido al día,1,0.18,105,0,0.0,0.66,,,,,,,
2026-10-06 08:01:02,104.3,player-2,1,OK,latido al día,1,0.21,105,0,0.0,0.17,,,,,,,
2026-10-06 08:01:02,104.3,player-3,1,OK,latido al día,1,0.21,105,0,0.0,0.204,,,,,,,
2026-10-06 08:01:02,104.3,sim-spot,2,OK,latido al día,1,0.16,105,0,0.0,0.823,,,,,,,
2026-10-06 08:01:02,104.3,sim-pepper,2,OK,latido al día,1,0.82,101,0,0.0,0.121,,,,,,,
2026-10-06 08:01:02,104.3,sim-nao,2,OK,latido al día,1,0.15,105,0,0.0,0.605,,,,,,,
2026-10-06 08:01:02,104.3,router,3,CAIDO,nunca mandó latido y no responde al ping,,,,,,,,,,,,,
2026-10-06 08:01:04,106.3,track-server,1,OK,latido al día,1,0.15,107,0,0.0,0.103,,,,,,,
2026-10-06 08:01:04,106.3,player-1,1,OK,latido al día,1,0.18,107,0,0.0,0.58,,,,,,,
2026-10-06 08:01:04,106.3,player-2,1,OK,latido al día,1,0.21,107,0,0.0,0.149,,,,,,,
2026-10-06 08:01:04,106.3,player-3,1,OK,latido al día,1,0.21,107,0,0.0,0.179,,,,,,,
2026-10-06 08:01:04,106.3,sim-spot,2,OK,latido al día,1,0.16,107,0,0.0,0.723,,,,,,,
2026-10-06 08:01:04,106.3,sim-pepper,2,OK,latido al día,1,0.82,103,0,0.0,0.228,,,,,,,
2026-10-06 08:01:04,106.3,sim-nao,2,OK,latido al día,1,0.15,107,0,0.0,0.532,,,,,,,
2026-10-06 08:01:04,106.3,router,3,CAIDO,nunca mandó latido y no responde al ping,,,,,,,,,,,,,
2026-10-06 08:01:06,108.3,track-server,1,OK,latido al día,1,0.16,109,0,0.0,0.153,,,,,,,
2026-10-06 08:01:06,108.3,player-1,1,OK,latido al día,1,0.19,109,0,0.0,0.51,,,,,,,
2026-10-06 08:01:06,108.3,player-2,1,OK,latido al día,1,0.22,109,0,0.0,0.131,,,,,,,
2026-10-06 08:01:06,108.3,player-3,1,OK,latido al día,1,0.21,109,0,0.0,0.278,,,,,,,
2026-10-06 08:01:06,108.3,sim-spot,2,OK,latido al día,1,0.17,109,0,0.0,0.636,,,,,,,
2026-10-06 08:01:06,108.3,sim-pepper,2,OK,latido al día,1,0.82,105,0,0.0,0.384,,,,,,,
2026-10-06 08:01:06,108.3,sim-nao,2,OK,latido al día,1,0.15,109,0,0.0,0.467,,,,,,,
2026-10-06 08:01:06,108.3,router,3,CAIDO,nunca mandó latido y no responde al ping,,,,,,,,,,,,,
2026-10-06 08:01:08,110.3,track-server,1,OK,latido al día,1,0.16,111,0,0.0,0.193,,,,,,,
2026-10-06 08:01:08,110.3,player-1,1,OK,latido al día,1,0.19,111,0,0.0,0.51,,,,,,,
2026-10-06 08:01:08,110.3,player-2,1,OK,latido al día,1,0.22,111,0,0.0,0.115,,,,,,,
2026-10-06 08:01:08,110.3,player-3,1,OK,latido al día,1,0.22,111,0,0.0,0.729,,,,,,,
2026-10-06 08:01:08,110.3,sim-spot,2,OK,latido al día,1,0.17,111,0,0.0,0.559,,,,,,,
2026-10-06 08:01:08,110.3,sim-pepper,2,OK,latido al día,1,0.82,107,0,0.0,0.337,,,,,,,
2026-10-06 08:01:08,110.3,sim-nao,2,OK,latido al día,1,0.16,111,0,0.0,0.411,,,,,,,
2026-10-06 08:01:08,110.3,router,3,CAIDO,nunca mandó latido y no responde al ping,,,,,,,,,,,,,
2026-10-06 08:01:10,112.3,track-server,1,OK,latido al día,1,0.16,113,0,0.0,0.17,,,,,,,
2026-10-06 08:01:10,112.3,player-1,1,OK,latido al día,1,0.19,113,0,0.0,0.757,,,,,,,
2026-10-06 08:01:10,112.3,player-2,1,OK,latido al día,1,0.22,113,0,0.0,0.101,,,,,,,
2026-10-06 08:01:10,112.3,player-3,1,OK,latido al día,1,0.22,113,0,0.0,0.641,,,,,,,
2026-10-06 08:01:10,112.3,sim-spot,2,OK,latido al día,1,0.17,113,0,0.0,0.491,,,,,,,
2026-10-06 08:01:10,112.3,sim-pepper,2,OK,latido al día,1,0.83,109,0,0.0,0.355,,,,,,,
2026-10-06 08:01:10,112.3,sim-nao,2,OK,latido al día,1,0.16,113,0,0.0,0.361,,,,,,,
2026-10-06 08:01:10,112.3,router,3,CAIDO,nunca mandó latido y no responde al ping,,,,,,,,,,,,,
2026-10-06 08:01:12,114.3,track-server,1,OK,latido al día,1,0.16,115,0,0.0,0.149,,,,,,,
2026-10-06 08:01:12,114.3,player-1,1,OK,latido al día,1,0.19,115,0,0.0,0.724,,,,,,,
2026-10-06 08:01:12,114.3,player-2,1,OK,latido al día,1,0.23,115,0,0.0,0.089,,,,,,,
2026-10-06 08:01:12,114.3,player-3,1,OK,latido al día,1,0.22,115,0,0.0,0.563,,,,,,,
2026-10-06 08:01:12,114.3,sim-spot,2,OK,latido al día,1,0.17,115,0,0.0,0.431,,,,,,,
2026-10-06 08:01:12,114.3,sim-pepper,2,OK,latido al día,1,0.83,111,0,0.0,0.371,,,,,,,
2026-10-06 08:01:12,114.3,sim-nao,2,OK,latido al día,1,0.15,115,0,0.0,0.317,,,,,,,
2026-10-06 08:01:12,114.3,router,3,CAIDO,nunca mandó latido y no responde al ping,,,,,,,,,,,,,
2026-10-06 08:01:14,116.3,track-server,1,OK,latido al día,1,0.17,117,0,0.0,0.858,,,,,,,
2026-10-06 08:01:14,116.3,player-1,1,OK,latido al día,1,0.19,117,0,0.0,0.875,,,,,,,
2026-10-06 08:01:14,116.3,player-2,1,OK,latido al día,1,0.23,117,0,0.0,0.078,,,,,,,
2026-10-06 08:01:14,116.3,player-3,1,OK,latido al día,1,0.22,117,0,0.0,0.495,,,,,,,
2026-10-06 08:01:14,116.3,sim-spot,2,OK,latido al día,1,0.18,117,0,0.0,0.379,,,,,,,
2026-10-06 08:01:14,116.3,sim-pepper,2,OK,latido al día,1,0.83,113,0,0.0,0.447,,,,,,,
2026-10-06 08:01:14,116.3,sim-nao,2,OK,latido al día,1,0.16,117,0,0.0,0.279,,,,,,,
2026-10-06 08:01:14,116.3,router,3,CAIDO,nunca mandó latido y no responde al ping,,,,,,,,,,,,,
2026-10-06 08:01:16,118.3,track-server,1,OK,latido al día,1,0.17,119,0,0.0,0.754,,,,,,,
2026-10-06 08:01:16,118.3,player-1,1,OK,latido al día,1,0.2,119,0,0.0,0.827,,,,,,,
2026-10-06 08:01:16,118.3,player-2,1,OK,latido al día,1,0.23,119,0,0.0,0.069,,,,,,,
2026-10-06 08:01:16,118.3,player-3,1,OK,latido al día,1,0.22,119,0,0.0,0.435,,,,,,,
2026-10-06 08:01:16,118.3,sim-spot,2,OK,latido al día,1,0.18,119,0,0.0,0.333,,,,,,,
2026-10-06 08:01:16,118.3,sim-pepper,2,OK,latido al día,1,0.83,115,0,0.0,0.451,,,,,,,
2026-10-06 08:01:16,118.3,sim-nao,2,OK,latido al día,1,0.16,119,0,0.0,0.245,,,,,,,
2026-10-06 08:01:16,118.3,router,3,CAIDO,nunca mandó latido y no responde al ping,,,,,,,,,,,,,
2026-10-06 08:01:18,120.3,track-server,1,OK,latido al día,1,0.17,121,0,0.0,0.663,,,,,,,
2026-10-06 08:01:18,120.3,player-1,1,OK,latido al día,1,0.2,121,0,0.0,0.727,,,,,,,
2026-10-06 08:01:18,120.3,player-2,1,OK,latido al día,1,0.23,121,0,0.0,0.06,,,,,,,
2026-10-06 08:01:18,120.3,player-3,1,OK,latido al día,1,0.22,121,0,0.0,0.382,,,,,,,
2026-10-06 08:01:18,120.3,sim-spot,2,OK,latido al día,1,0.18,121,0,0.0,0.656,,,,,,,
2026-10-06 08:01:18,120.3,sim-pepper,2,OK,latido al día,1,0.83,117,0,0.0,0.397,,,,,,,
2026-10-06 08:01:18,120.3,sim-nao,2,OK,latido al día,1,0.16,121,0,0.0,0.215,,,,,,,
2026-10-06 08:01:18,120.3,router,3,CAIDO,nunca mandó latido y no responde al ping,,,,,,,,,,,,,
2026-10-06 08:01:20,122.3,track-server,1,OK,latido al día,1,0.17,123,0,0.0,0.582,,,,,,,
2026-10-06 08:01:20,122.3,player-1,1,OK,latido al día,1,0.2,123,0,0.0,0.639,,,,,,,
2026-10-06 08:01:20,122.3,player-2,1,OK,latido al día,1,0.23,123,0,0.0,0.053,,,,,,,
2026-10-06 08:01:20,122.3,player-3,1,OK,latido al día,1,0.23,123,0,0.0,0.336,,,,,,,
2026-10-06 08:01:20,122.3,sim-spot,2,OK,latido al día,1,0.18,123,0,0.0,0.639,,,,,,,
2026-10-06 08:01:20,122.3,sim-pepper,2,OK,latido al día,1,0.84,119,0,0.0,0.349,,,,,,,
2026-10-06 08:01:20,122.3,sim-nao,2,OK,latido al día,1,0.17,123,0,0.0,0.189,,,,,,,
2026-10-06 08:01:20,122.3,router,3,CAIDO,nunca mandó latido y no responde al ping,,,,,,,,,,,,,
2026-10-06 08:01:22,124.3,track-server,1,OK,latido al día,1,0.17,125,0,0.0,0.512,,,,,,,
2026-10-06 08:01:22,124.3,player-1,1,OK,latido al día,1,0.2,125,0,0.0,0.562,,,,,,,
2026-10-06 08:01:22,124.3,player-2,1,OK,latido al día,1,0.23,125,0,0.0,0.047,,,,,,,
2026-10-06 08:01:22,124.3,player-3,1,OK,latido al día,1,0.23,125,0,0.0,0.295,,,,,,,
2026-10-06 08:01:22,124.3,sim-spot,2,OK,latido al día,1,0.18,125,0,0.0,0.62,,,,,,,
2026-10-06 08:01:22,124.3,sim-pepper,2,OK,latido al día,1,0.84,121,0,0.0,0.306,,,,,,,
2026-10-06 08:01:22,124.3,sim-nao,2,OK,latido al día,1,0.17,125,0,0.0,0.166,,,,,,,
2026-10-06 08:01:22,124.3,router,3,CAIDO,nunca mandó latido y no responde al ping,,,,,,,,,,,,,
2026-10-06 08:01:24,126.3,track-server,1,OK,latido al día,1,0.17,127,0,0.0,0.45,,,,,,,
2026-10-06 08:01:24,126.3,player-1,1,OK,latido al día,1,0.2,127,0,0.0,0.494,,,,,,,
2026-10-06 08:01:24,126.3,player-2,1,OK,latido al día,1,0.24,127,0,0.0,0.041,,,,,,,
2026-10-06 08:01:24,126.3,player-3,1,OK,latido al día,1,0.23,127,0,0.0,0.26,,,,,,,
2026-10-06 08:01:24,126.3,sim-spot,2,OK,latido al día,1,0.18,127,0,0.0,0.545,,,,,,,
2026-10-06 08:01:24,126.3,sim-pepper,2,OK,latido al día,1,0.84,123,0,0.0,0.269,,,,,,,
2026-10-06 08:01:24,126.3,sim-nao,2,OK,latido al día,1,0.17,127,0,0.0,0.146,,,,,,,
2026-10-06 08:01:24,126.3,router,3,CAIDO,nunca mandó latido y no responde al ping,,,,,,,,,,,,,
2026-10-06 08:01:26,128.3,track-server,1,OK,latido al día,1,0.17,129,0,0.0,0.516,,,,,,,
2026-10-06 08:01:26,128.3,player-1,1,OK,latido al día,1,0.21,129,0,0.0,0.918,,,,,,,
2026-10-06 08:01:26,128.3,player-2,1,OK,latido al día,1,0.24,129,0,0.0,0.036,,,,,,,
2026-10-06 08:01:26,128.3,player-3,1,OK,latido al día,1,0.24,129,0,0.0,0.228,,,,,,,
2026-10-06 08:01:26,128.3,sim-spot,2,OK,latido al día,1,0.19,129,0,0.0,1.569,,,,,,,
2026-10-06 08:01:26,128.3,sim-pepper,2,OK,latido al día,1,0.85,125,0,0.0,0.237,,,,,,,
2026-10-06 08:01:26,128.3,sim-nao,2,OK,latido al día,1,0.18,129,0,0.0,0.129,,,,,,,
2026-10-06 08:01:26,128.3,router,3,CAIDO,nunca mandó latido y no responde al ping,,,,,,,,,,,,,
2026-10-06 08:01:28,130.3,track-server,1,OK,latido al día,1,0.18,131,0,0.0,0.454,,,,,,,
2026-10-06 08:01:28,130.3,player-1,1,OK,latido al día,1,0.21,131,0,0.0,0.87,,,,,,,
2026-10-06 08:01:28,130.3,player-2,1,OK,latido al día,1,0.25,131,0,0.0,0.032,,,,,,,
2026-10-06 08:01:28,130.3,player-3,1,OK,latido al día,1,0.24,131,0,0.0,0.201,,,,,,,
2026-10-06 08:01:28,130.3,sim-spot,2,OK,latido al día,1,0.19,131,0,0.0,1.379,,,,,,,
2026-10-06 08:01:28,130.3,sim-pepper,2,OK,latido al día,1,0.85,127,0,0.0,0.27,,,,,,,
2026-10-06 08:01:28,130.3,sim-nao,2,OK,latido al día,1,0.18,131,0,0.0,0.113,,,,,,,
2026-10-06 08:01:28,130.3,router,3,CAIDO,nunca mandó latido y no responde al ping,,,,,,,,,,,,,
2026-10-06 08:01:30,132.3,track-server,1,OK,latido al día,1,0.19,133,0,0.0,0.399,,,,,,,
2026-10-06 08:01:30,132.3,player-1,1,OK,latido al día,1,0.21,133,0,0.0,0.823,,,,,,,
2026-10-06 08:01:30,132.3,player-2,1,OK,latido al día,1,0.25,133,0,0.0,0.028,,,,,,,
2026-10-06 08:01:30,132.3,player-3,1,OK,latido al día,1,0.24,133,0,0.0,0.176,,,,,,,
2026-10-06 08:01:30,132.3,sim-spot,2,OK,latido al día,1,0.2,133,0,0.0,1.212,,,,,,,
2026-10-06 08:01:30,132.3,sim-pepper,2,OK,latido al día,1,0.85,129,0,0.0,0.296,,,,,,,
2026-10-06 08:01:30,132.3,sim-nao,2,OK,latido al día,1,0.18,133,0,0.0,0.099,,,,,,,
2026-10-06 08:01:30,132.3,router,3,CAIDO,nunca mandó latido y no responde al ping,,,,,,,,,,,,,
2026-10-06 08:01:32,134.3,track-server,1,OK,latido al día,1,0.19,135,0,0.0,0.351,,,,,,,
2026-10-06 08:01:32,134.3,player-1,1,OK,latido al día,1,0.22,135,0,0.0,0.723,,,,,,,
2026-10-06 08:01:32,134.3,player-2,1,OK,latido al día,1,0.25,135,0,0.0,0.024,,,,,,,
2026-10-06 08:01:32,134.3,player-3,1,OK,latido al día,1,0.24,135,0,0.0,0.155,,,,,,,
2026-10-06 08:01:32,134.3,sim-spot,2,OK,latido al día,1,0.2,135,0,0.0,1.065,,,,,,,
2026-10-06 08:01:32,134.3,sim-pepper,2,OK,latido al día,1,0.85,131,0,0.0,0.323,,,,,,,
2026-10-06 08:01:32,134.3,sim-nao,2,CAIDO,vivo=0 por MQTT (se despidió o saltó su LWT),0,1.18,134,0,0.0,0.093,,,,,,,
2026-10-06 08:01:32,134.3,router,3,CAIDO,nunca mandó latido y no responde al ping,,,,,,,,,,,,,
2026-10-06 08:01:34,136.3,track-server,1,OK,latido al día,1,0.19,137,0,0.0,0.308,,,,,,,
2026-10-06 08:01:34,136.3,player-1,1,OK,latido al día,1,0.22,137,0,0.0,0.636,,,,,,,
2026-10-06 08:01:34,136.3,player-2,1,OK,latido al día,1,0.25,137,0,0.0,0.022,,,,,,,
2026-10-06 08:01:34,136.3,player-3,1,OK,latido al día,1,0.24,137,0,0.0,0.136,,,,,,,
2026-10-06 08:01:34,136.3,sim-spot,2,OK,latido al día,1,0.2,137,0,0.0,0.936,,,,,,,
2026-10-06 08:01:34,136.3,sim-pepper,2,CAIDO,vivo=0 por MQTT (se despidió o saltó su LWT),0,1.85,132,0,0.0,0.365,,,,,,,
2026-10-06 08:01:34,136.3,sim-nao,2,CAIDO,vivo=0 por MQTT (se despidió o saltó su LWT),0,3.18,134,0,0.0,0.093,,,,,,,
2026-10-06 08:01:34,136.3,router,3,CAIDO,nunca mandó latido y no responde al ping,,,,,,,,,,,,,
2026-10-06 08:01:36,138.3,track-server,1,OK,latido al día,1,0.19,139,0,0.0,0.271,,,,,,,
2026-10-06 08:01:36,138.3,player-1,1,OK,latido al día,1,0.22,139,0,0.0,0.559,,,,,,,
2026-10-06 08:01:36,138.3,player-2,1,OK,latido al día,1,0.25,139,0,0.0,0.019,,,,,,,
2026-10-06 08:01:36,138.3,player-3,1,CAIDO,vivo=0 por MQTT (se despidió o saltó su LWT),0,0.25,139,0,0.0,0.12,,,,,,,
2026-10-06 08:01:36,138.3,sim-spot,2,CAIDO,vivo=0 por MQTT (se despidió o saltó su LWT),0,2.2,137,0,0.0,0.936,,,,,,,
2026-10-06 08:01:36,138.3,sim-pepper,2,CAIDO,vivo=0 por MQTT (se despidió o saltó su LWT),0,3.86,132,0,0.0,0.365,,,,,,,
2026-10-06 08:01:36,138.3,sim-nao,2,CAIDO,vivo=0 por MQTT (se despidió o saltó su LWT),0,5.18,134,0,0.0,0.093,,,,,,,
2026-10-06 08:01:36,138.3,router,3,CAIDO,nunca mandó latido y no responde al ping,,,,,,,,,,,,,
2026-10-06 08:01:38,140.3,track-server,1,OK,latido al día,1,0.19,141,0,0.0,0.238,,,,,,,
2026-10-06 08:01:38,140.3,player-1,1,CAIDO,vivo=0 por MQTT (se despidió o saltó su LWT),0,0.22,141,0,0.0,0.491,,,,,,,
2026-10-06 08:01:38,140.3,player-2,1,CAIDO,vivo=0 por MQTT (se despidió o saltó su LWT),0,1.25,140,0,0.0,0.018,,,,,,,
2026-10-06 08:01:38,140.3,player-3,1,CAIDO,vivo=0 por MQTT (se despidió o saltó su LWT),0,2.25,139,0,0.0,0.12,,,,,,,
2026-10-06 08:01:38,140.3,sim-spot,2,CAIDO,vivo=0 por MQTT (se despidió o saltó su LWT),0,4.2,137,0,0.0,0.936,,,,,,,
2026-10-06 08:01:38,140.3,sim-pepper,2,CAIDO,vivo=0 por MQTT (se despidió o saltó su LWT),0,5.86,132,0,0.0,0.365,,,,,,,
2026-10-06 08:01:38,140.3,sim-nao,2,CAIDO,vivo=0 por MQTT (se despidió o saltó su LWT),0,7.19,134,0,0.0,0.093,,,,,,,
2026-10-06 08:01:38,140.3,router,3,CAIDO,nunca mandó latido y no responde al ping,,,,,,,,,,,,,
